METRIC;ITERATION;QUESTION;ANSWER;VISUAL_ANSWER;JUDGE_VALUE;FAILS;MUTED;NLU_OUTPUT;METRIC_SCORES
BaseLine;10;Show me what the machine does with the string 11000.;Could you be more specific?;[];-1;-1;False;{'user_input': 'Show me what the machine does with the string 11000.', 'intent': 'fsa-practical', 'argument': 'language', 'dialogue_act': 'Ta:request', 'frame': {'input': '11000'}};[0.0, 0.1, 0.0, 0.9]
BaseLine;11;Is this automaton deterministic or not?;The automaton accepts zero or more words formed by a sequence of the type 11000. In total there are 5 states: q0, q1, q2, q3 and q4. q0 is both the initial and the final state. The transitions are: q0 with value 1 goes to q1, q1 with value 1 goes to q2, q2 with value 0 goes to q3, q3 with value 0 goes to q4, q4 with value 0 goes to q0.;[];-1;-1;False;{'user_input': 'Is this automaton deterministic or not?', 'intent': 'fsa-practical', 'argument': 'automaton', 'dialogue_act': 'Ta:request', 'frame': {'input': '?'}};[0.1, 0.3, 0.2, 1.0]
BaseLine;12;What is the starting state called here?;The state q0 exists.;['simbolo-q0'];-1;-1;False;{'user_input': 'What is the starting state called here?', 'intent': 'fsa-practical', 'argument': 'state', 'dialogue_act': 'Ta:request', 'frame': {'states': '?'}};[0.2, 0.4, 0.2, 0.9]
BaseLine;13;How many different transitions leave state q0?;MUTATION The automaton has 5 transitions: q0 with value 1 goes to q1, q1 with value 1 goes to q2, q2 with value 0 goes to q3, q3 with value 0 goes to q4, q4 with value 0 goes to q0.;['simbolo-q0-q1', 'simbolo-q1-q2', 'simbolo-q2-q3', 'simbolo-q3-q4', 'simbolo-q4-q0'];-1;-1;True;{'user_input': 'How many different transitions leave state q0?', 'intent': 'fsa-practical', 'argument': 'transition', 'dialogue_act': 'Ta:request', 'frame': {'numberOfTransitions': '?'}};[0.0, 0.3, 0.0, 0.9]
BaseLine;14;What alphabet should I assume for this machine?;Could you be more specific?;[];-1;-1;False;{'user_input': 'What alphabet should I assume for this machine?', 'intent': 'fsa-practical', 'argument': 'alphabet', 'dialogue_act': 'Ta:request', 'frame': {'alphabet': '?'}};[0.0, 0.1, 0.0, 1.0]
BaseLine;15;Does this automaton accept every binary string?;Could you be more specific?;[];-1;-1;False;{'user_input': 'Does this automaton accept every binary string?', 'intent': 'fsa-practical', 'argument': 'language', 'dialogue_act': 'Ta:request', 'frame': {'input': '?'}};[0.0, 0.1, 0.0, 1.0]
BaseLine;16;Give me the language that this machine recognizes.;Could you be more specific?;[];-1;-1;False;{'user_input': 'Give me the language that this machine recognizes.', 'intent': 'fsa-practical', 'argument': 'language', 'dialogue_act': 'Ta:request', 'frame': {'input': '?'}};[0.0, 0.1, 0.0, 1.0]
BaseLine;17;Explain the purpose of state q4 in this automaton.;The automaton has 5 states: q0, q1, q2, q3 and q4.;['simbolo-q0', 'simbolo-q1', 'simbolo-q2', 'simbolo-q3', 'simbolo-q4'];-1;-1;False;{'user_input': 'Explain the purpose of state q4 in this automaton.', 'intent': 'fsa-practical', 'argument': 'state', 'dialogue_act': 'Ta:request', 'frame': {'state': 'q4'}};[0.0, 0.1, 0.0, 0.9]
BaseLine;18;Tell me how many total transitions are drawn in the diagram.;MUTATION The automaton has 5 transitions: q0 with value 1 goes to q1, q1 with value 1 goes to q2, q2 with value 0 goes to q3, q3 with value 0 goes to q4, q4 with value 0 goes to q0.;['simbolo-q0-q1', 'simbolo-q1-q2', 'simbolo-q2-q3', 'simbolo-q3-q4', 'simbolo-q4-q0'];-1;-1;True;{'user_input': 'Tell me how many total transitions are drawn in the diagram.', 'intent': 'fsa-practical', 'argument': 'transition', 'dialogue_act': 'Ta:request', 'frame': {'numberOfTransitions': '?'}};[1.0, 1.0, 1.0, 1.0]
BaseLine;19;What output do I get if the input is 11100?;Could you be more specific?;[];-1;-1;False;{'user_input': 'What output do I get if the input is 11100?', 'intent': 'fsa-practical', 'argument': 'language', 'dialogue_act': 'Ta:request', 'frame': {'input': '11100'}};[0.0, 0.1, 0.0, 1.0]
BaseLine;20;Which state has the largest number of transitions connected to it?;The state q0 exists.;['simbolo-q0'];-1;-1;False;{'user_input': 'Which state has the largest number of transitions connected to it?', 'intent': 'fsa-practical', 'argument': 'state', 'dialogue_act': 'Ta:request', 'frame': {'states': '?'}};[0.0, 0.1, 0.0, 0.2]
BaseLine;21;Can you list every transition that starts from q3?;MUTATION The automaton has 5 transitions: q0 with value 1 goes to q1, q1 with value 1 goes to q2, q2 with value 0 goes to q3, q3 with value 0 goes to q4, q4 with value 0 goes to q0.;['simbolo-q0-q1', 'simbolo-q1-q2', 'simbolo-q2-q3', 'simbolo-q3-q4', 'simbolo-q4-q0'];-1;-1;True;{'user_input': 'Can you list every transition that starts from q3?', 'intent': 'fsa-practical', 'argument': 'transition', 'dialogue_act': 'Ta:request', 'frame': {'transitions': []}};[0.2, 0.3, 0.5, 0.2]
BaseLine;22;Show me the state that receives the 1 from q0.;The state q0 exists.;['simbolo-q0'];-1;-1;False;{'user_input': 'Show me the state that receives the 1 from q0.', 'intent': 'fsa-practical', 'argument': 'state', 'dialogue_act': 'Ta:request', 'frame': {'states': '?'}};[0.0, 0.2, 0.0, 0.2]
BaseLine;23;Tell me which state is both where we begin and where we end.;The initial state is q0.;['simbolo-q0'];-1;-1;False;{'user_input': 'Tell me which state is both where we begin and where we end.', 'intent': 'fsa-practical', 'argument': 'state', 'dialogue_act': 'Ta:request', 'frame': {'initialState': '?', 'finalStates': '?'}};[0.9, 0.9, 0.9, 0.9]
BaseLine;24;From q2, what single move does the diagram allow?;the transition is not defined.;[];-1;-1;False;{'user_input': 'From q2, what single move does the diagram allow?', 'intent': 'fsa-practical', 'argument': 'transition', 'dialogue_act': 'Ta:request', 'frame': {'transitions': [['q2', '?', '?']]}};[0.0, 0.2, 0.0, 1.0]
BaseLine;25;Point out the transition that closes the loop back to q0.;MUTATION The automaton has 5 transitions: q0 with value 1 goes to q1, q1 with value 1 goes to q2, q2 with value 0 goes to q3, q3 with value 0 goes to q4, q4 with value 0 goes to q0.;['simbolo-q0-q1', 'simbolo-q1-q2', 'simbolo-q2-q3', 'simbolo-q3-q4', 'simbolo-q4-q0'];-1;-1;True;{'user_input': 'Point out the transition that closes the loop back to q0.', 'intent': 'fsa-practical', 'argument': 'transition', 'dialogue_act': 'Ta:request', 'frame': {'transitions': []}};[0.2, 0.3, 0.5, 0.9]
BaseLine;26;Which state do we reach after reading exactly two 1s and three 0s?;The automaton has 5 states: q0, q1, q2, q3 and q4.;['simbolo-q0', 'simbolo-q1', 'simbolo-q2', 'simbolo-q3', 'simbolo-q4'];-1;-1;False;{'user_input': 'Which state do we reach after reading exactly two 1s and three 0s?', 'intent': 'fsa-practical', 'argument': 'state', 'dialogue_act': 'Ta:request', 'frame': {'input': '010101'}};[0.0, 0.2, 0.2, 0.3]
BaseLine;27;Is there any way, in this picture, to skip directly from q1 to q4?;there is no transition between q1 and q4.;[];-1;-1;False;{'user_input': 'Is there any way, in this picture, to skip directly from q1 to q4?', 'intent': 'fsa-practical', 'argument': 'transition', 'dialogue_act': 'Ta:propositionalQuestion', 'frame': {'transitions': [['q1', 'q4', '?']]}};[1.0, 1.0, 1.0, 1.0]
BaseLine;28;What label sits on the arrow that leaves q1?;The state q0 exists.;['simbolo-q0'];-1;-1;False;{'user_input': 'What label sits on the arrow that leaves q1?', 'intent': 'fsa-practical', 'argument': 'state', 'dialogue_act': 'Ta:request', 'frame': {'states': 'q1'}};[0.0, 0.0, 0.0, 0.2]
BaseLine;29;Name the only state that has no outgoing 1-transition.;The state q0 exists.;['simbolo-q0'];-1;-1;False;{'user_input': 'Name the only state that has no outgoing 1-transition.', 'intent': 'fsa-practical', 'argument': 'state', 'dialogue_act': 'Ta:request', 'frame': {'states': '?'}};[0.0, 0.2, 0.0, 0.9]
BaseLine;30;Tell me the type of language that this automaton could recognize.;Could you be more specific?;[];-1;-1;False;{'user_input': 'Tell me the type of language that this automaton could recognize.', 'intent': 'fsa-practical', 'argument': 'language', 'dialogue_act': 'Ta:request', 'frame': {'automatonType': 'unknown'}};[0.0, 0.1, 0.0, 1.0]
BaseLine;31;I want to know the smallest input that returns us to the start state.;Could you be more specific?;[];-1;-1;False;{'user_input': 'I want to know the smallest input that returns us to the start state.', 'intent': 'fsa-practical', 'argument': 'pattern', 'dialogue_act': 'Ta:request', 'frame': {'input': '?'}};[0.0, 0.1, 0.0, 0.9]
BaseLine;32;Indicate the total count of arrows drawn in this automaton.;MUTATION The automaton has 5 transitions: q0 with value 1 goes to q1, q1 with value 1 goes to q2, q2 with value 0 goes to q3, q3 with value 0 goes to q4, q4 with value 0 goes to q0.;['simbolo-q0-q1', 'simbolo-q1-q2', 'simbolo-q2-q3', 'simbolo-q3-q4', 'simbolo-q4-q0'];-1;-1;True;{'user_input': 'Indicate the total count of arrows drawn in this automaton.', 'intent': 'fsa-practical', 'argument': 'transition', 'dialogue_act': 'Ta:request', 'frame': {'numberOfTransitions': '?'}};[1.0, 1.0, 1.0, 1.0]
BaseLine;33;Say whether this machine is deterministic or not.;The automaton accepts zero or more words formed by a sequence of the type 11000. In total there are 5 states: q0, q1, q2, q3 and q4. q0 is both the initial and the final state. The transitions are: q0 with value 1 goes to q1, q1 with value 1 goes to q2, q2 with value 0 goes to q3, q3 with value 0 goes to q4, q4 with value 0 goes to q0.;[];-1;-1;False;{'user_input': 'Say whether this machine is deterministic or not.', 'intent': 'fsa-practical', 'argument': 'automaton', 'dialogue_act': 'Ta:request', 'frame': {'input': 'automatonType'}};[0.1, 0.4, 0.2, 1.0]
BaseLine;34;Tell me which states in this diagram are accepting.;The state q0 exists.;['simbolo-q0'];-1;-1;False;{'user_input': 'Tell me which states in this diagram are accepting.', 'intent': 'fsa-practical', 'argument': 'state', 'dialogue_act': 'Ta:request', 'frame': {'states': '?'}};[0.9, 0.9, 1.0, 1.0]
BaseLine;35;Explain what word this automaton accepts that begins with 11.;Could you be more specific?;[];-1;-1;False;{'user_input': 'Explain what word this automaton accepts that begins with 11.', 'intent': 'fsa-practical', 'argument': 'language', 'dialogue_act': 'Ta:request', 'frame': {'input': '11'}};[0.0, 0.1, 0.0, 1.0]
