METRIC;ITERATION;QUESTION;ANSWER;VISUAL_ANSWER;JUDGE_VALUE;FAILS;MUTED;NLU_OUTPUT
Accuracy;1;Is it possible to go from q2 to q4 with a single transition?;The automaton accepts zero or more words formed by a sequence of the type 11000. In total there are 5 states: q0, q1, q2, q3 and q4. q0 is both the initial and the final state. The transitions are: q0 with value 1 goes to q1, q1 with value 1 goes to q2, q2 with value 0 goes to q3, q3 with value 0 goes to q4, q4 with value 0 goes to q0.;[];0.0;1;False;{'user_input': 'Is it possible to go from q2 to q4 with a single transition?', 'intent': None, 'argument': None, 'dialogue_act': None, 'frame': {}}
Accuracy;1;sorry, i meant the automaton returns to q0 with a 0 from q4, not with a 1.;The transition between q4 and q0 is with value 0.;['simbolo-q4-q0'];1.0;1;False;{'user_input': 'sorry, i meant the automaton returns to q0 with a 0 from q4, not with a 1.', 'intent': 'fsa-practical', 'argument': 'transition', 'dialogue_act': 'Ta:request', 'frame': {'transitions': [['q4', 'q0', '?'], ['q0', 'q4', '0']]}}
Accuracy;1;describe practically what this finite state automaton does, given its states and transitions.;The automaton accepts zero or more words formed by a sequence of the type 11000. In total there are 5 states: q0, q1, q2, q3 and q4. q0 is both the initial and the final state. The transitions are: q0 with value 1 goes to q1, q1 with value 1 goes to q2, q2 with value 0 goes to q3, q3 with value 0 goes to q4, q4 with value 0 goes to q0.;[];0.95;1;False;{'user_input': 'describe practically what this finite state automaton does, given its states and transitions.', 'intent': 'fsa-practical', 'argument': 'automaton', 'dialogue_act': 'Ta:request', 'frame': {'transitions': [], 'states': '?'}}
Accuracy;1;What is the theoretical definition of this finite state automaton?;The automaton accepts zero or more words formed by a sequence of the type 11000. In total there are 5 states: q0, q1, q2, q3 and q4. q0 is both the initial and the final state. The transitions are: q0 with value 1 goes to q1, q1 with value 1 goes to q2, q2 with value 0 goes to q3, q3 with value 0 goes to q4, q4 with value 0 goes to q0.;[];0.4;1;False;{'user_input': 'What is the theoretical definition of this finite state automaton?', 'intent': 'fsa-practical', 'argument': 'automaton', 'dialogue_act': 'Ta:request', 'frame': {'automatonType': '?'}}
Accuracy;1;i don’t want to ask anything about the automaton right now.;The automaton accepts zero or more words formed by a sequence of the type 11000. In total there are 5 states: q0, q1, q2, q3 and q4. q0 is both the initial and the final state. The transitions are: q0 with value 1 goes to q1, q1 with value 1 goes to q2, q2 with value 0 goes to q3, q3 with value 0 goes to q4, q4 with value 0 goes to q0.;[];0.9;1;False;{'user_input': 'i don’t want to ask anything about the automaton right now.', 'intent': 'fsa-practical', 'argument': None, 'dialogue_act': 'Ta:request', 'frame': {}}
Accuracy;1;I’m just looking at the automaton on the tablet.;The automaton accepts zero or more words formed by a sequence of the type 11000. In total there are 5 states: q0, q1, q2, q3 and q4. q0 is both the initial and the final state. The transitions are: q0 with value 1 goes to q1, q1 with value 1 goes to q2, q2 with value 0 goes to q3, q3 with value 0 goes to q4, q4 with value 0 goes to q0.;[];0.95;1;False;{'user_input': 'I’m just looking at the automaton on the tablet.', 'intent': 'fsa-practical', 'argument': 'automaton', 'dialogue_act': 'Ta:request', 'frame': {}}
Accuracy;2;What is the transition label from q1 to q2 in this automaton?;The transition between q1 and q2 is with value 1.;['simbolo-q1-q2'];1.0;0;False;{'user_input': 'What is the transition label from q1 to q2 in this automaton?', 'intent': 'fsa-practical', 'argument': 'transition', 'dialogue_act': 'Ta:request', 'frame': {'transitions': [['q1', 'q2', '?']]}}
Accuracy;2;There are 7 transitions in this automaton.;The automaton has 5 transitions: q0 with value 1 goes to q1, q1 with value 1 goes to q2, q2 with value 0 goes to q3, q3 with value 0 goes to q4, q4 with value 0 goes to q0.;['simbolo-q0-q1', 'simbolo-q1-q2', 'simbolo-q2-q3', 'simbolo-q3-q4', 'simbolo-q4-q0'];0.0;1;False;{'user_input': 'There are 7 transitions in this automaton.', 'intent': 'fsa-practical', 'argument': 'transition', 'dialogue_act': 'Ta:request', 'frame': {'transitions': []}}
Accuracy;2;can you tell me which states are present in this automaton?;The state q0 exists.;['simbolo-q0'];0.2;2;False;{'user_input': 'can you tell me which states are present in this automaton?', 'intent': 'fsa-practical', 'argument': 'state', 'dialogue_act': 'Ta:request', 'frame': {'states': '?'}}
Accuracy;2;Can you list all the transitions of this automaton and indicate whether they define a non-regular language?;The automaton has 5 transitions: q0 with value 1 goes to q1, q1 with value 1 goes to q2, q2 with value 0 goes to q3, q3 with value 0 goes to q4, q4 with value 0 goes to q0.;['simbolo-q0-q1', 'simbolo-q1-q2', 'simbolo-q2-q3', 'simbolo-q3-q4', 'simbolo-q4-q0'];0.5;2;False;{'user_input': 'Can you list all the transitions of this automaton and indicate whether they define a non-regular language?', 'intent': 'fsa-practical', 'argument': 'transition', 'dialogue_act': 'Ta:request', 'frame': {'transitions': []}}
Accuracy;2;what is the clockwise pattern of transitions in this automaton?;Could you be more specific?;[];0.0;3;False;{'user_input': 'what is the clockwise pattern of transitions in this automaton?', 'intent': 'fsa-practical', 'argument': 'pattern', 'dialogue_act': 'Ta:request', 'frame': {'clockwisePattern': '?'}}
Accuracy;2;what is the clockwise pattern of transitions in this automaton?;Could you be more specific?;[];0.0;4;False;{'user_input': 'what is the clockwise pattern of transitions in this automaton?', 'intent': 'fsa-practical', 'argument': 'pattern', 'dialogue_act': 'Ta:request', 'frame': {'patternType': 'clockwise'}}
Accuracy;2;what is the initial state of this automaton’s pattern?;The initial state is q0.;['simbolo-q0'];1.0;4;False;{'user_input': 'what is the initial state of this automaton’s pattern?', 'intent': 'fsa-practical', 'argument': 'state', 'dialogue_act': 'Ta:request', 'frame': {'initialState': '?'}}
Accuracy;2;What kind of pattern does this automaton follow in its transitions, is it a clockwise pattern?;Could you be more specific?;[];0.1;5;False;{'user_input': 'What kind of pattern does this automaton follow in its transitions, is it a clockwise pattern?', 'intent': 'fsa-practical', 'argument': 'pattern', 'dialogue_act': 'Ta:request', 'frame': {'patternType': 'clockwise'}}
Accuracy;2;What is the clockwise pattern represented by this finite state automaton?;Could you be more specific?;[];0.1;6;False;{'user_input': 'What is the clockwise pattern represented by this finite state automaton?', 'intent': 'fsa-practical', 'argument': 'pattern', 'dialogue_act': 'Ta:request', 'frame': {'patternType': 'clockwise'}}
Accuracy;2;can you tell me what pattern type this automaton follows, for example whether it is clockwise?;Could you be more specific?;[];0.1;7;False;{'user_input': 'can you tell me what pattern type this automaton follows, for example whether it is clockwise?', 'intent': 'fsa-practical', 'argument': 'pattern', 'dialogue_act': 'Ta:request', 'frame': {'patternType': '?'}}
Accuracy;2;What kind of pattern does this automaton follow in its transitions, is it a clockwise pattern?;Could you be more specific?;[];0.1;8;False;{'user_input': 'What kind of pattern does this automaton follow in its transitions, is it a clockwise pattern?', 'intent': 'fsa-practical', 'argument': 'pattern', 'dialogue_act': 'Ta:propositionalQuestion', 'frame': {'patternType': 'clockwise'}}
Accuracy;3;What strings of 0s and 1s does this automaton accept?;Could you be more specific?;[];0.0;1;False;{'user_input': 'What strings of 0s and 1s does this automaton accept?', 'intent': 'fsa-practical', 'argument': 'language', 'dialogue_act': 'Ta:request', 'frame': {'input': '?'}}
Accuracy;3;what is the language recognized by this automaton for the input string?;Could you be more specific?;[];0.1;2;False;{'user_input': 'what is the language recognized by this automaton for the input string?', 'intent': 'fsa-practical', 'argument': 'language', 'dialogue_act': 'Ta:request', 'frame': {'input': '?'}}
Accuracy;3;can you check whether the input string is accepted by the language of this finite state automaton?;Could you be more specific?;[];0.2;3;False;{'user_input': 'can you check whether the input string is accepted by the language of this finite state automaton?', 'intent': 'fsa-practical', 'argument': 'language', 'dialogue_act': 'Ta:propositionalQuestion', 'frame': {'input': '?'}}
Accuracy;3;what input strings does this automaton accept?;Could you be more specific?;[];0.0;4;False;{'user_input': 'what input strings does this automaton accept?', 'intent': 'fsa-practical', 'argument': 'language', 'dialogue_act': 'Ta:request', 'frame': {'input': '?'}}
Accuracy;3;What is the language recognized by this automaton?;Could you be more specific?;[];0.0;5;False;{'user_input': 'What is the language recognized by this automaton?', 'intent': 'fsa-practical', 'argument': 'language', 'dialogue_act': 'Ta:request', 'frame': {'language': '?'}}
Accuracy;3;what is the language accepted by this automaton if the initial state is unknown?;Could you be more specific?;[];0.1;6;False;{'user_input': 'what is the language accepted by this automaton if the initial state is unknown?', 'intent': 'fsa-practical', 'argument': 'language', 'dialogue_act': 'Ta:request', 'frame': {'initialState': '?'}}
Accuracy;3;What is the language recognized by this automaton?;Could you be more specific?;[];0.0;7;False;{'user_input': 'What is the language recognized by this automaton?', 'intent': 'fsa-practical', 'argument': 'language', 'dialogue_act': 'Ta:request', 'frame': {'language': '?'}}
Accuracy;3;i accept this turn: what is the language recognized by this automaton?;Could you be more specific?;[];0.0;8;False;{'user_input': 'i accept this turn: what is the language recognized by this automaton?', 'intent': 'fsa-practical', 'argument': 'language', 'dialogue_act': 'Ta:request', 'frame': {'language': '?'}}
Accuracy;3;i meant to ask about the language of this automaton in a practical way, can you help me understand its language?;Could you be more specific?;[];0.2;9;False;{'user_input': 'i meant to ask about the language of this automaton in a practical way, can you help me understand its language?', 'intent': 'fsa-practical', 'argument': 'language', 'dialogue_act': 'Ta:propositionalQuestion', 'frame': {'language': '?'}}
Accuracy;3;what is the language recognized by this automaton?;Could you be more specific?;[];0.0;10;False;{'user_input': 'what is the language recognized by this automaton?', 'intent': 'fsa-practical', 'argument': 'language', 'dialogue_act': 'Ta:request', 'frame': {'language': '?'}}
Accuracy;3;What is the alphabet of this finite state automaton?;Could you be more specific?;[];0.0;11;False;{'user_input': 'What is the alphabet of this finite state automaton?', 'intent': 'fsa-practical', 'argument': 'alphabet', 'dialogue_act': 'Ta:request', 'frame': {'alphabet': '?'}}
Accuracy;3;What is the alphabet of this automaton?;Could you be more specific?;[];0.0;12;False;{'user_input': 'What is the alphabet of this automaton?', 'intent': 'fsa-practical', 'argument': 'alphabet', 'dialogue_act': 'Ta:request', 'frame': {'alphabet': '?'}}
Accuracy;3;What are the transitions that start from state Q1 in this automaton?;the transition is not defined.;[];0.0;13;False;{'user_input': 'What are the transitions that start from state Q1 in this automaton?', 'intent': 'fsa-practical', 'argument': 'transition', 'dialogue_act': 'Ta:request', 'frame': {'transitions': [['Q1', '?', '?']]}}
Accuracy;3;what are the transitions that start from this in this automaton?;The transition from q0 to q1 has value 1.;['simbolo-q0-q1'];0.3;14;False;{'user_input': 'what are the transitions that start from this in this automaton?', 'intent': 'fsa-practical', 'argument': 'transition', 'dialogue_act': 'Ta:request', 'frame': {'states': ['q1']}, '_raw_frame': {'transitions': []}}
Accuracy;3;Before I say goodbye, could you remind me what the transition from Q1 is, including its destination state and input symbol?;the transition is not defined.;[];0.0;15;False;{'user_input': 'Before I say goodbye, could you remind me what the transition from Q1 is, including its destination state and input symbol?', 'intent': 'fsa-practical', 'argument': 'transition', 'dialogue_act': 'Ta:propositionalQuestion', 'frame': {'transitions': [['?', 'Q1', '?'], ['Q1', '?', '?']]}}
Accuracy;4;Is this automaton deterministic or nondeterministic?;The automaton accepts zero or more words formed by a sequence of the type 11000. In total there are 5 states: q0, q1, q2, q3 and q4. q0 is both the initial and the final state. The transitions are: q0 with value 1 goes to q1, q1 with value 1 goes to q2, q2 with value 0 goes to q3, q3 with value 0 goes to q4, q4 with value 0 goes to q0.;[];0.1;1;False;{'user_input': 'Is this automaton deterministic or nondeterministic?', 'intent': 'fsa-practical', 'argument': 'automaton', 'dialogue_act': 'Ta:request', 'frame': {'input': 'automatonType'}}
Accuracy;4;What type of automaton is this finite state machine?;The automaton accepts zero or more words formed by a sequence of the type 11000. In total there are 5 states: q0, q1, q2, q3 and q4. q0 is both the initial and the final state. The transitions are: q0 with value 1 goes to q1, q1 with value 1 goes to q2, q2 with value 0 goes to q3, q3 with value 0 goes to q4, q4 with value 0 goes to q0.;[];0.2;2;False;{'user_input': 'What type of automaton is this finite state machine?', 'intent': None, 'argument': None, 'dialogue_act': None, 'frame': {}}
Accuracy;4;what is the output of this automaton for a given input string?;Could you be more specific?;[];0.1;3;False;{'user_input': 'what is the output of this automaton for a given input string?', 'intent': 'fsa-practical', 'argument': 'language', 'dialogue_act': 'Ta:request', 'frame': {'output': '?'}}
Accuracy;4;Is the language recognized by this automaton the set of all strings that are denied as output?;Could you be more specific?;[];0.1;4;False;{'user_input': 'Is the language recognized by this automaton the set of all strings that are denied as output?', 'intent': 'fsa-practical', 'argument': 'language', 'dialogue_act': 'Ta:propositionalQuestion', 'frame': {'input': '?'}}
Accuracy;4;can you tell me what language is recognized by this finite state automaton for a generic input string?;Could you be more specific?;[];0.0;5;False;{'user_input': 'can you tell me what language is recognized by this finite state automaton for a generic input string?', 'intent': 'fsa-practical', 'argument': 'language', 'dialogue_act': 'Ta:request', 'frame': {'input': '?'}}
Accuracy;4;What input strings does this automaton accept?;Could you be more specific?;[];0.0;6;False;{'user_input': 'What input strings does this automaton accept?', 'intent': 'fsa-practical', 'argument': 'language', 'dialogue_act': 'Ta:request', 'frame': {'input': '?'}}
Accuracy;4;what is the language accepted by this automaton for the input string?;Could you be more specific?;[];0.0;7;False;{'user_input': 'what is the language accepted by this automaton for the input string?', 'intent': 'fsa-practical', 'argument': 'language', 'dialogue_act': 'Ta:request', 'frame': {'input': '?'}}
Accuracy;4;what is the initial state of this automaton’s language?;The initial state is q0.;['simbolo-q0'];1.0;7;False;{'user_input': 'what is the initial state of this automaton’s language?', 'intent': 'fsa-practical', 'argument': 'state', 'dialogue_act': 'Ta:request', 'frame': {'initialState': '?'}}
Accuracy;4;What is the language recognized by this automaton?;Could you be more specific?;[];0.0;8;False;{'user_input': 'What is the language recognized by this automaton?', 'intent': 'fsa-practical', 'argument': 'language', 'dialogue_act': 'Ta:request', 'frame': {'language': '?'}}
Accuracy;4;which state does the automaton reach after processing the input string 11000?;The state q0 exists.;['simbolo-q0'];1.0;8;False;{'user_input': 'which state does the automaton reach after processing the input string 11000?', 'intent': 'fsa-practical', 'argument': 'state', 'dialogue_act': 'Ta:request', 'frame': {'states': '?'}}
Accuracy;4;What is the language accepted by this automaton over the alphabet [“1”, “0”]?;Could you be more specific?;[];0.0;9;False;{'user_input': 'What is the language accepted by this automaton over the alphabet [“1”, “0”]?', 'intent': 'fsa-practical', 'argument': 'language', 'dialogue_act': 'Ta:request', 'frame': {'alphabet': '1'}}
Accuracy;4;in this automaton, how many final states does the accepted language have?;MUTATION The automaton has 5 states: q0, q1, q2,;['simbolo-q0', 'simbolo-q1', 'simbolo-q2', 'simbolo-q3', 'simbolo-q4'];0.0;10;True;{'user_input': 'in this automaton, how many final states does the accepted language have?', 'intent': 'fsa-practical', 'argument': 'state', 'dialogue_act': 'Ta:request', 'frame': {'numberOfFinalStates': '?'}}
Accuracy;4;How many final states does this automaton have?;MUTATION The automaton has 5 states: q0, q1, q2,;['simbolo-q0', 'simbolo-q1', 'simbolo-q2', 'simbolo-q3', 'simbolo-q4'];0.0;11;True;{'user_input': 'How many final states does this automaton have?', 'intent': 'fsa-practical', 'argument': 'state', 'dialogue_act': 'Ta:request', 'frame': {'numberOfFinalStates': '?'}}
Accuracy;4;How many final states does this automaton have?;MUTATION The automaton has 5 states: q0, q1, q2,;['simbolo-q0', 'simbolo-q1', 'simbolo-q2', 'simbolo-q3', 'simbolo-q4'];0.0;12;True;{'user_input': 'How many final states does this automaton have?', 'intent': 'fsa-practical', 'argument': 'state', 'dialogue_act': 'Ta:request', 'frame': {'numberOfFinalStates': '?'}}
Accuracy;4;How many final states does this automaton have?;MUTATION The automaton has 5 states: q0, q1, q2,;['simbolo-q0', 'simbolo-q1', 'simbolo-q2', 'simbolo-q3', 'simbolo-q4'];0.0;13;True;{'user_input': 'How many final states does this automaton have?', 'intent': 'fsa-practical', 'argument': 'state', 'dialogue_act': 'Ta:request', 'frame': {'numberOfFinalStates': '?'}}
Accuracy;5;If I start from q0 and read the input 11000, does the automaton end in an accepting state?;Could you be more specific?;[];0.0;1;False;{'user_input': 'If I start from q0 and read the input 11000, does the automaton end in an accepting state?', 'intent': 'fsa-practical', 'argument': 'language', 'dialogue_act': 'Ta:propositionalQuestion', 'frame': {'input': '11000'}}
Accuracy;5;the string 11000 is not in the language accepted by this automaton.;Could you be more specific?;[];0.0;2;False;{'user_input': 'the string 11000 is not in the language accepted by this automaton.', 'intent': 'fsa-practical', 'argument': 'language', 'dialogue_act': 'Ta:propositionalQuestion', 'frame': {'input': '11000'}}
Accuracy;5;What is the language accepted by this automaton when it ends in state q1?;Could you be more specific?;[];0.0;3;False;{'user_input': 'What is the language accepted by this automaton when it ends in state q1?', 'intent': 'fsa-practical', 'argument': 'language', 'dialogue_act': 'Ta:request', 'frame': {'input': '?'}}
Accuracy;5;can you tell me what language is recognized by this automaton for the input string ?;Could you be more specific?;[];0.1;4;False;{'user_input': 'can you tell me what language is recognized by this automaton for the input string ?', 'intent': 'fsa-practical', 'argument': 'language', 'dialogue_act': 'Ta:request', 'frame': {'input': '?'}}
Accuracy;5;in natural language, what is the language recognized by this automaton if it has only 2 states?;Could you be more specific?;[];0.1;5;False;{'user_input': 'in natural language, what is the language recognized by this automaton if it has only 2 states?', 'intent': 'fsa-practical', 'argument': 'language', 'dialogue_act': 'Ta:request', 'frame': {'numberOfStates': '2'}}
Accuracy;5;What is the input that this automaton accepts?;Could you be more specific?;[];0.0;6;False;{'user_input': 'What is the input that this automaton accepts?', 'intent': 'fsa-practical', 'argument': 'language', 'dialogue_act': 'Ta:request', 'frame': {'input': '?'}}
Accuracy;5;What is the language accepted by this automaton for an input string x?;Could you be more specific?;[];0.0;7;False;{'user_input': 'What is the language accepted by this automaton for an input string x?', 'intent': 'fsa-practical', 'argument': 'language', 'dialogue_act': 'Ta:request', 'frame': {'input': '?'}}
Accuracy;5;what is the language accepted by this automaton for the input string “?”?;Could you be more specific?;[];0.1;8;False;{'user_input': 'what is the language accepted by this automaton for the input string “?”?', 'intent': 'fsa-practical', 'argument': 'language', 'dialogue_act': 'Ta:request', 'frame': {'input': '?'}}
Accuracy;5;what is the language accepted by this automaton for a given input string?;Could you be more specific?;[];0.0;9;False;{'user_input': 'what is the language accepted by this automaton for a given input string?', 'intent': 'fsa-practical', 'argument': 'language', 'dialogue_act': 'Ta:request', 'frame': {'input': '?'}}
Accuracy;5;"This automaton does not accept any input string; what is its language?";Could you be more specific?;[];0.0;10;False;"{'user_input': 'This automaton does not accept any input string; what is its language?', 'intent': 'fsa-practical', 'argument': 'language', 'dialogue_act': 'Ta:propositionalQuestion', 'frame': {'input': ''}}"
Accuracy;5;can you check whether the string i’m giving as input is accepted by the language of this automaton?;Could you be more specific?;[];0.1;11;False;{'user_input': 'can you check whether the string i’m giving as input is accepted by the language of this automaton?', 'intent': 'fsa-practical', 'argument': 'language', 'dialogue_act': 'Ta:request', 'frame': {'input': '?'}}
Accuracy;5;what is the language recognized by this automaton for the input string?;Could you be more specific?;[];0.1;12;False;{'user_input': 'what is the language recognized by this automaton for the input string?', 'intent': 'fsa-practical', 'argument': 'language', 'dialogue_act': 'Ta:request', 'frame': {'input': '?'}}
Accuracy;5;Given the automaton shown on the tablet, what state will the machine be in after processing the input 11000?;MUTATION The automaton has 5 states: q0, q1, q2,;['simbolo-q0', 'simbolo-q1', 'simbolo-q2', 'simbolo-q3', 'simbolo-q4'];0.1;13;True;{'user_input': 'Given the automaton shown on the tablet, what state will the machine be in after processing the input 11000?', 'intent': 'fsa-practical', 'argument': 'state', 'dialogue_act': 'Ta:request', 'frame': {'input': '11000'}}
Accuracy;5;Given the automaton shown, what is the state reached by the machine after processing the input string?;MUTATION The automaton has 5 states: q0, q1, q2,;['simbolo-q0', 'simbolo-q1', 'simbolo-q2', 'simbolo-q3', 'simbolo-q4'];0.1;14;True;{'user_input': 'Given the automaton shown, what is the state reached by the machine after processing the input string?', 'intent': 'fsa-practical', 'argument': 'state', 'dialogue_act': 'Ta:request', 'frame': {'input': '?'}}
Accuracy;5;What is the language recognized by this automaton if the output is accepted?;Could you be more specific?;[];0.0;15;False;{'user_input': 'What is the language recognized by this automaton if the output is accepted?', 'intent': 'fsa-practical', 'argument': 'language', 'dialogue_act': 'Ta:request', 'frame': {'output': '?'}}
Relevancy;1;Is it possible to go from q2 to q4 in this automaton?;there is no transition between q2 and q4.;[];0.8;0;False;{'user_input': 'Is it possible to go from q2 to q4 in this automaton?', 'intent': 'fsa-practical', 'argument': 'transition', 'dialogue_act': 'Ta:propositionalQuestion', 'frame': {'transitions': [['q2', 'q4', '?']]}}
Relevancy;1;before we say goodbye, could you tell me what the transition from q2 to q4 should be?;there is no transition between q2 and q4.;[];1.0;0;False;{'user_input': 'before we say goodbye, could you tell me what the transition from q2 to q4 should be?', 'intent': 'fsa-practical', 'argument': 'transition', 'dialogue_act': 'Ta:request', 'frame': {'transitions': [['q2', 'q4', '?']]}}
Relevancy;1;what is the symbol of the transition from this to that?;There is no transition between q2 and q4.;[];1.0;0;False;{'user_input': 'what is the symbol of the transition from this to that?', 'intent': 'fsa-practical', 'argument': 'transition', 'dialogue_act': 'Ta:request', 'frame': {'states': ['q2', 'q4']}, '_raw_frame': {'transitions': []}}
Relevancy;1;In the automaton shown, what is the label of the transition from state q2 to state q4?;there is no transition between q2 and q4.;[];1.0;0;False;{'user_input': 'In the automaton shown, what is the label of the transition from state q2 to state q4?', 'intent': 'fsa-practical', 'argument': 'transition', 'dialogue_act': 'Ta:request', 'frame': {'transitions': [['q2', 'q4', '?']]}}
Relevancy;1;what is the label of the transition from this to that?;There is no transition between q2 and q4.;[];1.0;0;False;{'user_input': 'what is the label of the transition from this to that?', 'intent': 'fsa-practical', 'argument': 'transition', 'dialogue_act': 'Ta:request', 'frame': {'states': ['q2', 'q4']}, '_raw_frame': {'transitions': []}}
Relevancy;1;from which state does the transition starting at q3 go, and what is its destination state?;the transition is not defined.;[];0.2;1;False;{'user_input': 'from which state does the transition starting at q3 go, and what is its destination state?', 'intent': 'fsa-practical', 'argument': 'transition', 'dialogue_act': 'Ta:request', 'frame': {'transitions': [['q3', '?', '?']]}}
Relevancy;1;does the automaton contain a this on input 0?;Could you be more specific?;[];0.3;2;False;{'user_input': 'does the automaton contain a this on input 0?', 'intent': 'fsa-practical', 'argument': 'pattern', 'dialogue_act': 'Ta:request', 'frame': {'transitions': [['q2', 'q3', '?']]}, '_raw_frame': {'patternType': '?'}}
Relevancy;1;set the transition that starts from this.;There is no transition between q3 and q0.;[];0.1;3;False;{'user_input': 'set the transition that starts from this.', 'intent': 'fsa-practical', 'argument': 'transition', 'dialogue_act': 'Ta:request', 'frame': {'states': ['q3']}, '_raw_frame': {'transitions': []}}
Relevancy;1;"Sorry, I made a mistake about the transition; from state q3 on input 0 the automaton goes to state q4.";The transition between q3 and q4 is with value 0.;['simbolo-q3-q4'];1.0;3;False;"{'user_input': 'Sorry, I made a mistake about the transition; from state q3 on input 0 the automaton goes to state q4.', 'intent': 'fsa-practical', 'argument': 'transition', 'dialogue_act': 'Ta:request', 'frame': {'transitions': [['q3', 'q4', '0']]}}"
Relevancy;1;what is the transition function of this automaton over the alphabet [“1”, “0”]?;The automaton has 5 transitions: q0 with value 1 goes to q1, q1 with value 1 goes to q2, q2 with value 0 goes to q3, q3 with value 0 goes to q4, q4 with value 0 goes to q0.;['simbolo-q0-q1', 'simbolo-q1-q2', 'simbolo-q2-q3', 'simbolo-q3-q4', 'simbolo-q4-q0'];0.6;3;False;{'user_input': 'what is the transition function of this automaton over the alphabet [“1”, “0”]?', 'intent': 'fsa-practical', 'argument': 'transition', 'dialogue_act': 'Ta:request', 'frame': {'alphabet': '1'}}
Relevancy;1;Which transitions start from state q3?;the transition is not defined.;[];0.2;4;False;{'user_input': 'Which transitions start from state q3?', 'intent': 'fsa-practical', 'argument': 'transition', 'dialogue_act': 'Ta:request', 'frame': {'transitions': [['q3', '?', '?']]}}
Relevancy;1;Can you tell me which states are included in this automaton, for example is q3 one of its states?;The state q0 exists.;['simbolo-q0'];0.3;5;False;{'user_input': 'Can you tell me which states are included in this automaton, for example is q3 one of its states?', 'intent': 'fsa-practical', 'argument': 'state', 'dialogue_act': 'Ta:request', 'frame': {'states': '?'}}
Relevancy;1;what are the outgoing transitions from this?;There is no transition between q3 and q0.;[];0.1;6;False;{'user_input': 'what are the outgoing transitions from this?', 'intent': 'fsa-practical', 'argument': 'transition', 'dialogue_act': 'Ta:request', 'frame': {'states': ['q3']}, '_raw_frame': {'transitions': []}}
Relevancy;1;what is the optimal spatial representation of the transitions in this automaton?;Could you be more specific?;[];0.2;7;False;{'user_input': 'what is the optimal spatial representation of the transitions in this automaton?', 'intent': 'fsa-practical', 'argument': 'pattern', 'dialogue_act': 'Ta:request', 'frame': {'patternType': '?'}}
Relevancy;1;Which transitions leave from state q3 in this automaton?;the transition is not defined.;[];0.2;8;False;{'user_input': 'Which transitions leave from state q3 in this automaton?', 'intent': 'fsa-practical', 'argument': 'transition', 'dialogue_act': 'Ta:request', 'frame': {'transitions': [['q3', '?', '?']]}}
Relevancy;2;What is the value of the transition from q1 to q2 in the diagram?;The transition between q1 and q2 is with value 1.;['simbolo-q1-q2'];1.0;0;False;{'user_input': 'What is the value of the transition from q1 to q2 in the diagram?', 'intent': 'fsa-practical', 'argument': 'transition', 'dialogue_act': 'Ta:request', 'frame': {'transitions': [['q1', 'q2', '?']]}}
Relevancy;2;Does this automaton contain a transition from q1 to q2 on input 1?;The transition between q1 and q2 is with value 1.;['simbolo-q1-q2'];1.0;0;False;{'user_input': 'Does this automaton contain a transition from q1 to q2 on input 1?', 'intent': 'fsa-practical', 'argument': 'transition', 'dialogue_act': 'Ta:request', 'frame': {'transitions': [['q1', 'q2', '1']]}}
Relevancy;2;I meant the transition from q1 to q2 should be labeled with 1.;The transition between q1 and q2 is with value 1.;['simbolo-q1-q2'];1.0;0;False;{'user_input': 'I meant the transition from q1 to q2 should be labeled with 1.', 'intent': 'fsa-practical', 'argument': 'transition', 'dialogue_act': 'Ta:request', 'frame': {'transitions': [['q1', 'q2', '1']]}}
Relevancy;2;What is the transition from state q1 to state q2 with input 1?;The transition between q1 and q2 is with value 1.;['simbolo-q1-q2'];1.0;0;False;{'user_input': 'What is the transition from state q1 to state q2 with input 1?', 'intent': 'fsa-practical', 'argument': 'transition', 'dialogue_act': 'Ta:request', 'frame': {'transitions': [['q1', 'q2', '1']]}}
Relevancy;2;which state in this automaton has the highest number of transitions?;MUTATION The automaton has 5 states: q0, q1, q2,;['simbolo-q0', 'simbolo-q1', 'simbolo-q2', 'simbolo-q3', 'simbolo-q4'];0.2;1;True;{'user_input': 'which state in this automaton has the highest number of transitions?', 'intent': 'fsa-practical', 'argument': 'state', 'dialogue_act': 'Ta:request', 'frame': {'stateWithMostTransitions': '?'}}
Relevancy;2;Which state of this automaton has the highest number of transitions?;MUTATION The automaton has 5 states: q0, q1, q2,;['simbolo-q0', 'simbolo-q1', 'simbolo-q2', 'simbolo-q3', 'simbolo-q4'];0.2;2;True;{'user_input': 'Which state of this automaton has the highest number of transitions?', 'intent': 'fsa-practical', 'argument': 'state', 'dialogue_act': 'Ta:request', 'frame': {'stateWithMostTransitions': '?'}}
Relevancy;2;which state in this automaton has the highest number of transitions?;The state q0 exists.;['simbolo-q0'];0.1;3;False;{'user_input': 'which state in this automaton has the highest number of transitions?', 'intent': 'fsa-practical', 'argument': 'state', 'dialogue_act': 'Ta:request', 'frame': {'states': '?'}}
Relevancy;2;does this automaton ever return to this after leaving it?;Could you be more specific?;[];0.1;4;False;{'user_input': 'does this automaton ever return to this after leaving it?', 'intent': 'fsa-practical', 'argument': 'pattern', 'dialogue_act': 'Ta:request', 'frame': {'states': ['q0']}, '_raw_frame': {'patternType': '?'}}
Relevancy;2;can you check whether the pattern in this automaton starting from this is correct?;Could you be more specific?;[];0.3;5;False;{'user_input': 'can you check whether the pattern in this automaton starting from this is correct?', 'intent': 'fsa-practical', 'argument': 'language', 'dialogue_act': 'Ta:request', 'frame': {'states': ['q0']}, '_raw_frame': {'pattern': '?', 'input': '?'}}
Relevancy;2;can you explain the pattern that the automaton recognizes starting from this?;Could you be more specific?;[];0.1;6;False;{'user_input': 'can you explain the pattern that the automaton recognizes starting from this?', 'intent': 'fsa-practical', 'argument': 'pattern', 'dialogue_act': 'Ta:request', 'frame': {'states': ['q0']}, '_raw_frame': {'patternType': '?'}}
Relevancy;2;What is the language accepted by the automaton starting from state q0?;Could you be more specific?;[];0.1;7;False;{'user_input': 'What is the language accepted by the automaton starting from state q0?', 'intent': 'fsa-practical', 'argument': 'language', 'dialogue_act': 'Ta:request', 'frame': {'input': '?'}}
Relevancy;2;what is the language accepted by this automaton for the input string?;Could you be more specific?;[];0.2;8;False;{'user_input': 'what is the language accepted by this automaton for the input string?', 'intent': 'fsa-practical', 'argument': 'language', 'dialogue_act': 'Ta:request', 'frame': {'input': '?'}}
Relevancy;2;What is the output of this automaton for the input string 11000?;Could you be more specific?;[];0.1;9;False;{'user_input': 'What is the output of this automaton for the input string 11000?', 'intent': 'fsa-practical', 'argument': 'language', 'dialogue_act': 'Ta:request', 'frame': {'input': '11000'}}
Relevancy;2;For the input string 11000, what is the language recognized by this automaton?;Could you be more specific?;[];0.1;10;False;{'user_input': 'For the input string 11000, what is the language recognized by this automaton?', 'intent': 'fsa-practical', 'argument': 'language', 'dialogue_act': 'Ta:request', 'frame': {'input': '11000'}}
Relevancy;2;For the automaton shown, what is the language accepted for the input 11000?;Could you be more specific?;[];0.1;11;False;{'user_input': 'For the automaton shown, what is the language accepted for the input 11000?', 'intent': 'fsa-practical', 'argument': 'language', 'dialogue_act': 'Ta:request', 'frame': {'input': '11000'}}
Relevancy;3;Does this automaton accept all strings that contain the substring 1100?;Could you be more specific?;[];0.1;1;False;{'user_input': 'Does this automaton accept all strings that contain the substring 1100?', 'intent': 'fsa-practical', 'argument': 'language', 'dialogue_act': 'Ta:request', 'frame': {'input': '1100'}}
Relevancy;3;what is the language accepted by the automaton if the initial state is q3?;Could you be more specific?;[];0.1;2;False;{'user_input': 'what is the language accepted by the automaton if the initial state is q3?', 'intent': 'fsa-practical', 'argument': 'language', 'dialogue_act': 'Ta:request', 'frame': {'initialState': 'q3'}}
Relevancy;3;What is the language accepted by this automaton for the input string?;Could you be more specific?;[];0.2;3;False;{'user_input': 'What is the language accepted by this automaton for the input string?', 'intent': 'fsa-practical', 'argument': 'language', 'dialogue_act': 'Ta:request', 'frame': {'input': '?'}}
Relevancy;3;From the initial state q3, what transition is defined in this automaton?;The automaton has 5 transitions: q0 with value 1 goes to q1, q1 with value 1 goes to q2, q2 with value 0 goes to q3, q3 with value 0 goes to q4, q4 with value 0 goes to q0.;['simbolo-q0-q1', 'simbolo-q1-q2', 'simbolo-q2-q3', 'simbolo-q3-q4', 'simbolo-q4-q0'];0.4;3;False;{'user_input': 'From the initial state q3, what transition is defined in this automaton?', 'intent': 'fsa-practical', 'argument': 'transition', 'dialogue_act': 'Ta:request', 'frame': {'transitions': []}}
Relevancy;3;from this, what is the language accepted by this automaton?;Could you be more specific?;[];0.1;4;False;{'user_input': 'from this, what is the language accepted by this automaton?', 'intent': 'fsa-practical', 'argument': 'language', 'dialogue_act': 'Ta:propositionalQuestion', 'frame': {}, '_raw_frame': {'input': '?'}}
Relevancy;3;What is the language accepted by this finite state automaton?;Could you be more specific?;[];0.1;5;False;{'user_input': 'What is the language accepted by this finite state automaton?', 'intent': 'fsa-practical', 'argument': 'language', 'dialogue_act': 'Ta:request', 'frame': {'input': '?'}}
Relevancy;3;Before we say goodbye, could you show me which language is recognized by this automaton for some input?;Could you be more specific?;[];0.1;6;False;{'user_input': 'Before we say goodbye, could you show me which language is recognized by this automaton for some input?', 'intent': 'fsa-practical', 'argument': 'language', 'dialogue_act': 'Ta:request', 'frame': {'input': '?'}}
Relevancy;3;this automaton does not recognize any language for any possible input, right?;The automaton accepts zero or more words formed by a sequence of the type 11000. In total there are 5 states: q0, q1, q2, q3 and q4. q0 is both the initial and the final state. The transitions are: q0 with value 1 goes to q1, q1 with value 1 goes to q2, q2 with value 0 goes to q3, q3 with value 0 goes to q4, q4 with value 0 goes to q0.;[];0.95;6;False;{'user_input': 'this automaton does not recognize any language for any possible input, right?', 'intent': 'fsa-practical', 'argument': None, 'dialogue_act': 'Ta:request', 'frame': {}}
Relevancy;3;Could you tell me whether the finite state automaton shown is deterministic, and what language it recognizes?;The automaton accepts zero or more words formed by a sequence of the type 11000. In total there are 5 states: q0, q1, q2, q3 and q4. q0 is both the initial and the final state. The transitions are: q0 with value 1 goes to q1, q1 with value 1 goes to q2, q2 with value 0 goes to q3, q3 with value 0 goes to q4, q4 with value 0 goes to q0.;[];0.7;6;False;{'user_input': 'Could you tell me whether the finite state automaton shown is deterministic, and what language it recognizes?', 'intent': 'fsa-practical', 'argument': 'automaton', 'dialogue_act': 'Ta:propositionalQuestion', 'frame': {'automatonType': 'deterministic', 'language': '?'}}
Relevancy;3;what is the input of this automaton?;Could you be more specific?;[];0.1;7;False;{'user_input': 'what is the input of this automaton?', 'intent': 'fsa-practical', 'argument': 'language', 'dialogue_act': 'Ta:request', 'frame': {'input': '?'}}
Relevancy;3;What is the language recognized by this automaton for the input string?;Could you be more specific?;[];0.1;8;False;{'user_input': 'What is the language recognized by this automaton for the input string?', 'intent': 'fsa-practical', 'argument': 'language', 'dialogue_act': 'Ta:request', 'frame': {'language': '?'}}
Relevancy;3;What are the transitions of this automaton?;The automaton has 5 transitions: q0 with value 1 goes to q1, q1 with value 1 goes to q2, q2 with value 0 goes to q3, q3 with value 0 goes to q4, q4 with value 0 goes to q0.;['simbolo-q0-q1', 'simbolo-q1-q2', 'simbolo-q2-q3', 'simbolo-q3-q4', 'simbolo-q4-q0'];1.0;8;False;{'user_input': 'What are the transitions of this automaton?', 'intent': 'fsa-practical', 'argument': 'transition', 'dialogue_act': 'Ta:request', 'frame': {'transitions': []}}
Relevancy;3;what are the transitions of this automaton?;The automaton has 5 transitions: q0 with value 1 goes to q1, q1 with value 1 goes to q2, q2 with value 0 goes to q3, q3 with value 0 goes to q4, q4 with value 0 goes to q0.;['simbolo-q0-q1', 'simbolo-q1-q2', 'simbolo-q2-q3', 'simbolo-q3-q4', 'simbolo-q4-q0'];1.0;8;False;{'user_input': 'what are the transitions of this automaton?', 'intent': 'fsa-practical', 'argument': 'transition', 'dialogue_act': 'Ta:request', 'frame': {'transitions': []}}
Relevancy;3;In this finite state automaton, what is the language recognized if the state with the most transitions is q3?;Could you be more specific?;[];0.1;9;False;{'user_input': 'In this finite state automaton, what is the language recognized if the state with the most transitions is q3?', 'intent': 'fsa-practical', 'argument': 'language', 'dialogue_act': 'Ta:request', 'frame': {'state': 'q3'}}
Relevancy;3;Can you explain what happens in state q3 of this automaton?;MUTATION The automaton has 5 states: q0, q1, q2,;['simbolo-q0', 'simbolo-q1', 'simbolo-q2', 'simbolo-q3', 'simbolo-q4'];0.1;10;True;{'user_input': 'Can you explain what happens in state q3 of this automaton?', 'intent': 'fsa-practical', 'argument': 'state', 'dialogue_act': 'Ta:request', 'frame': {'state': 'q3'}}
Relevancy;4;What is the exact language recognized by this automaton over the alphabet {0,1}?;Could you be more specific?;[];0.1;1;False;{'user_input': 'What is the exact language recognized by this automaton over the alphabet {0,1}?', 'intent': 'fsa-practical', 'argument': 'language', 'dialogue_act': 'Ta:request', 'frame': {'alphabet': '0'}}
Relevancy;4;What is the language recognized by this automaton over the alphabet {0}?;Could you be more specific?;[];0.1;2;False;{'user_input': 'What is the language recognized by this automaton over the alphabet {0}?', 'intent': 'fsa-practical', 'argument': 'language', 'dialogue_act': 'Ta:request', 'frame': {'alphabet': '0'}}
Relevancy;4;what is the language accepted by this automaton over the alphabet {0}?;Could you be more specific?;[];0.1;3;False;{'user_input': 'what is the language accepted by this automaton over the alphabet {0}?', 'intent': 'fsa-practical', 'argument': 'language', 'dialogue_act': 'Ta:request', 'frame': {'alphabet': '0'}}
Relevancy;4;which states of this automaton are reachable when the input alphabet is only symbol 0?;MUTATION The automaton has 5 states: q0, q1, q2,;['simbolo-q0', 'simbolo-q1', 'simbolo-q2', 'simbolo-q3', 'simbolo-q4'];0.3;4;True;{'user_input': 'which states of this automaton are reachable when the input alphabet is only symbol 0?', 'intent': 'fsa-practical', 'argument': 'state', 'dialogue_act': 'Ta:request', 'frame': {'alphabet': '0'}}
Relevancy;4;What is the alphabet of this automaton if it only uses the symbol 0?;Could you be more specific?;[];0.1;5;False;{'user_input': 'What is the alphabet of this automaton if it only uses the symbol 0?', 'intent': 'fsa-practical', 'argument': 'alphabet', 'dialogue_act': 'Ta:request', 'frame': {'alphabet': '0'}}
Relevancy;4;what is the alphabet of this automaton if it only includes the symbol 0?;Could you be more specific?;[];0.1;6;False;{'user_input': 'what is the alphabet of this automaton if it only includes the symbol 0?', 'intent': 'fsa-practical', 'argument': 'alphabet', 'dialogue_act': 'Ta:request', 'frame': {'alphabet': '0'}}
Relevancy;4;what is the alphabet of this automaton if it only includes the symbol 0?;Could you be more specific?;[];0.1;7;False;{'user_input': 'what is the alphabet of this automaton if it only includes the symbol 0?', 'intent': 'fsa-practical', 'argument': 'alphabet', 'dialogue_act': 'Ta:request', 'frame': {'alphabet': '0'}}
Relevancy;4;what is the alphabet of this automaton if it only has 2 states?;Could you be more specific?;[];0.2;8;False;{'user_input': 'what is the alphabet of this automaton if it only has 2 states?', 'intent': 'fsa-practical', 'argument': 'alphabet', 'dialogue_act': 'Ta:request', 'frame': {'alphabet': '?'}}
Relevancy;4;what is the alphabet of this automaton?;Could you be more specific?;[];0.1;9;False;{'user_input': 'what is the alphabet of this automaton?', 'intent': 'fsa-practical', 'argument': 'alphabet', 'dialogue_act': 'Ta:request', 'frame': {'alphabet': '?'}}
Relevancy;4;What is the alphabet of this automaton?;Could you be more specific?;[];0.1;10;False;{'user_input': 'What is the alphabet of this automaton?', 'intent': 'fsa-practical', 'argument': 'alphabet', 'dialogue_act': 'Ta:request', 'frame': {'alphabet': '?'}}
Relevancy;4;What is the alphabet of this automaton’s transitions?;Could you be more specific?;[];0.1;11;False;{'user_input': 'What is the alphabet of this automaton’s transitions?', 'intent': 'fsa-practical', 'argument': 'alphabet', 'dialogue_act': 'Ta:request', 'frame': {'alphabet': '?'}}
Relevancy;4;what is the alphabet of this automaton?;Could you be more specific?;[];0.1;12;False;{'user_input': 'what is the alphabet of this automaton?', 'intent': 'fsa-practical', 'argument': 'alphabet', 'dialogue_act': 'Ta:request', 'frame': {'alphabet': '?'}}
Relevancy;4;What is the alphabet of this automaton?;Could you be more specific?;[];0.1;13;False;{'user_input': 'What is the alphabet of this automaton?', 'intent': 'fsa-practical', 'argument': 'alphabet', 'dialogue_act': 'Ta:request', 'frame': {'alphabet': '?'}}
Relevancy;4;What is the alphabet of this automaton?;Could you be more specific?;[];0.1;14;False;{'user_input': 'What is the alphabet of this automaton?', 'intent': 'fsa-practical', 'argument': 'alphabet', 'dialogue_act': 'Ta:propositionalQuestion', 'frame': {'alphabet': '?'}}
Relevancy;4;what is the alphabet of this automaton?;Could you be more specific?;[];0.1;15;False;{'user_input': 'what is the alphabet of this automaton?', 'intent': 'fsa-practical', 'argument': 'alphabet', 'dialogue_act': 'Ta:request', 'frame': {'alphabet': '?'}}
Relevancy;5;Is q0 the only final state, or can another state also be final in a different version of this automaton?;The final state is q0.;['simbolo-q0'];0.4;0;False;{'user_input': 'Is q0 the only final state, or can another state also be final in a different version of this automaton?', 'intent': 'fsa-practical', 'argument': 'state', 'dialogue_act': 'Ta:request', 'frame': {'finalStates': 'q0'}}
Relevancy;5;Hi, about this finite state automaton: the only final state is q0.;The final state is q0.;['simbolo-q0'];1.0;0;False;{'user_input': 'Hi, about this finite state automaton: the only final state is q0.', 'intent': 'fsa-practical', 'argument': 'state', 'dialogue_act': 'Ta:request', 'frame': {'finalStates': 'q0'}}
Relevancy;5;Which are the final states of this automaton? I think the only final state is q0.;The final state is q0.;['simbolo-q0'];1.0;0;False;{'user_input': 'Which are the final states of this automaton? I think the only final state is q0.', 'intent': 'fsa-practical', 'argument': 'state', 'dialogue_act': 'Ta:request', 'frame': {'finalStates': 'q0'}}
Relevancy;5;Can you list all the transitions of this automaton, considering that the only final state is q0?;The automaton has 5 transitions: q0 with value 1 goes to q1, q1 with value 1 goes to q2, q2 with value 0 goes to q3, q3 with value 0 goes to q4, q4 with value 0 goes to q0.;['simbolo-q0-q1', 'simbolo-q1-q2', 'simbolo-q2-q3', 'simbolo-q3-q4', 'simbolo-q4-q0'];1.0;0;False;{'user_input': 'Can you list all the transitions of this automaton, considering that the only final state is q0?', 'intent': 'fsa-practical', 'argument': 'transition', 'dialogue_act': 'Ta:request', 'frame': {'transitions': []}}
Relevancy;5;The final state of this automaton is q0.;The final state is q0.;['simbolo-q0'];1.0;0;False;{'user_input': 'The final state of this automaton is q0.', 'intent': 'fsa-practical', 'argument': 'state', 'dialogue_act': 'Ta:request', 'frame': {'finalStates': 'q0'}}
Relevancy;5;What is the alphabet of this automaton if the only final state is q0?;Could you be more specific?;[];0.1;1;False;{'user_input': 'What is the alphabet of this automaton if the only final state is q0?', 'intent': 'fsa-practical', 'argument': 'alphabet', 'dialogue_act': 'Ta:request', 'frame': {'alphabet': '?'}}
Relevancy;5;What is the alphabet of this automaton?;Could you be more specific?;[];0.1;2;False;{'user_input': 'What is the alphabet of this automaton?', 'intent': 'fsa-practical', 'argument': 'alphabet', 'dialogue_act': 'Ta:request', 'frame': {'alphabet': '?'}}
Relevancy;5;what is the alphabet of this automaton, considering that there are 7 transitions in total?;Could you be more specific?;[];0.1;3;False;{'user_input': 'what is the alphabet of this automaton, considering that there are 7 transitions in total?', 'intent': 'fsa-practical', 'argument': 'alphabet', 'dialogue_act': 'Ta:request', 'frame': {'alphabet': '?'}}
Relevancy;5;what is the alphabet of this finite state automaton?;Could you be more specific?;[];0.1;4;False;{'user_input': 'what is the alphabet of this finite state automaton?', 'intent': 'fsa-practical', 'argument': 'alphabet', 'dialogue_act': 'Ta:request', 'frame': {'alphabet': '?'}}
Relevancy;5;what is the alphabet of this automaton?;Could you be more specific?;[];0.1;5;False;{'user_input': 'what is the alphabet of this automaton?', 'intent': 'fsa-practical', 'argument': 'alphabet', 'dialogue_act': 'Ta:request', 'frame': {'alphabet': '?'}}
Relevancy;5;What is the alphabet of this automaton?;Could you be more specific?;[];0.1;6;False;{'user_input': 'What is the alphabet of this automaton?', 'intent': 'fsa-practical', 'argument': 'alphabet', 'dialogue_act': 'Ta:request', 'frame': {'alphabet': '?'}}
Relevancy;5;what is the alphabet of the automaton if the only final state is q3?;Could you be more specific?;[];0.1;7;False;{'user_input': 'what is the alphabet of the automaton if the only final state is q3?', 'intent': 'fsa-practical', 'argument': 'alphabet', 'dialogue_act': 'Ta:request', 'frame': {'alphabet': '?'}}
Relevancy;5;What is the alphabet of this automaton?;Could you be more specific?;[];0.1;8;False;{'user_input': 'What is the alphabet of this automaton?', 'intent': 'fsa-practical', 'argument': 'alphabet', 'dialogue_act': 'Ta:request', 'frame': {'alphabet': '?'}}
Relevancy;5;What is the alphabet of this finite state automaton?;Could you be more specific?;[];0.1;9;False;{'user_input': 'What is the alphabet of this finite state automaton?', 'intent': 'fsa-practical', 'argument': 'alphabet', 'dialogue_act': 'Ta:request', 'frame': {'alphabet': '?'}}
Relevancy;5;what is the alphabet of this automaton?;Could you be more specific?;[];0.1;10;False;{'user_input': 'what is the alphabet of this automaton?', 'intent': 'fsa-practical', 'argument': 'alphabet', 'dialogue_act': 'Ta:request', 'frame': {'alphabet': '?'}}
Correctness;1;Is q0 the only final state in this automaton?;The final state is q0.;['simbolo-q0'];1.0;0;False;{'user_input': 'Is q0 the only final state in this automaton?', 'intent': 'fsa-practical', 'argument': 'state', 'dialogue_act': 'Ta:propositionalQuestion', 'frame': {'finalStates': 'q0'}}
Correctness;1;What is the optimal spatial representation of the states in this automaton?;MUTATION The automaton has 5 states: q0, q1, q2,;['simbolo-q0', 'simbolo-q1', 'simbolo-q2', 'simbolo-q3', 'simbolo-q4'];0.2;1;True;{'user_input': 'What is the optimal spatial representation of the states in this automaton?', 'intent': 'fsa-practical', 'argument': 'state', 'dialogue_act': 'Ta:request', 'frame': {'optimalSpatialRepresentation': '?'}}
Correctness;1;does this automaton have a state that is visited more than once when processing some input string?;MUTATION The automaton has 5 states: q0, q1, q2,;['simbolo-q0', 'simbolo-q1', 'simbolo-q2', 'simbolo-q3', 'simbolo-q4'];0.2;2;True;{'user_input': 'does this automaton have a state that is visited more than once when processing some input string?', 'intent': 'fsa-practical', 'argument': 'state', 'dialogue_act': 'Ta:request', 'frame': {'autoState': '?'}}
Correctness;1;what are the transitions of this automaton?;The automaton has 5 transitions: q0 with value 1 goes to q1, q1 with value 1 goes to q2, q2 with value 0 goes to q3, q3 with value 0 goes to q4, q4 with value 0 goes to q0.;['simbolo-q0-q1', 'simbolo-q1-q2', 'simbolo-q2-q3', 'simbolo-q3-q4', 'simbolo-q4-q0'];1.0;2;False;{'user_input': 'what are the transitions of this automaton?', 'intent': 'fsa-practical', 'argument': 'transition', 'dialogue_act': 'Ta:request', 'frame': {'transitions': []}}
Correctness;1;what is the alphabet of this finite state automaton?;Could you be more specific?;[];0.0;3;False;{'user_input': 'what is the alphabet of this finite state automaton?', 'intent': 'fsa-practical', 'argument': 'alphabet', 'dialogue_act': 'Ta:request', 'frame': {'alphabet': '?'}}
Correctness;1;what is the alphabet of this automaton?;Could you be more specific?;[];0.0;4;False;{'user_input': 'what is the alphabet of this automaton?', 'intent': 'fsa-practical', 'argument': 'alphabet', 'dialogue_act': 'Ta:request', 'frame': {'alphabet': '?'}}
Correctness;1;what is the alphabet of this automaton?;Could you be more specific?;[];0.0;5;False;{'user_input': 'what is the alphabet of this automaton?', 'intent': 'fsa-practical', 'argument': 'alphabet', 'dialogue_act': 'Ta:request', 'frame': {'alphabet': '?'}}
Correctness;1;How many final states does this automaton have?;MUTATION The automaton has 5 states: q0, q1, q2,;['simbolo-q0', 'simbolo-q1', 'simbolo-q2', 'simbolo-q3', 'simbolo-q4'];0.0;6;True;{'user_input': 'How many final states does this automaton have?', 'intent': 'fsa-practical', 'argument': 'state', 'dialogue_act': 'Ta:request', 'frame': {'numberOfFinalStates': '?'}}
Correctness;1;what is the graphical representation of this in this automaton?;The automaton accepts zero or more words formed by a sequence of the type 11000. In total there are 5 states: q0, q1, q2, q3 and q4. q0 is both the initial and the final state. The transitions are: q0 with value 1 goes to q1, q1 with value 1 goes to q2, q2 with value 0 goes to q3, q3 with value 0 goes to q4, q4 with value 0 goes to q0.;[];1.0;6;False;{'user_input': 'what is the graphical representation of this in this automaton?', 'intent': 'fsa-practical', 'argument': 'automaton', 'dialogue_act': 'Ta:request', 'frame': {'states': ['q0']}, '_raw_frame': {'graphicRepresentation': '?'}}
Correctness;1;how many final states does this automaton have?;MUTATION The automaton has 5 states: q0, q1, q2,;['simbolo-q0', 'simbolo-q1', 'simbolo-q2', 'simbolo-q3', 'simbolo-q4'];0.0;7;True;{'user_input': 'how many final states does this automaton have?', 'intent': 'fsa-practical', 'argument': 'state', 'dialogue_act': 'Ta:request', 'frame': {'numberOfFinalStates': '?'}}
Correctness;1;how many final states does this automaton have?;MUTATION The automaton has 5 states: q0, q1, q2,;['simbolo-q0', 'simbolo-q1', 'simbolo-q2', 'simbolo-q3', 'simbolo-q4'];0.0;8;True;{'user_input': 'how many final states does this automaton have?', 'intent': 'fsa-practical', 'argument': 'state', 'dialogue_act': 'Ta:request', 'frame': {'numberOfFinalStates': '?'}}
Correctness;1;does this automaton accept the input string 11000?;Could you be more specific?;[];0.0;9;False;{'user_input': 'does this automaton accept the input string 11000?', 'intent': 'fsa-practical', 'argument': 'language', 'dialogue_act': 'Ta:request', 'frame': {'input': '11000'}}
Correctness;1;What is the language accepted by this automaton for the input 11000?;Could you be more specific?;[];0.0;10;False;{'user_input': 'What is the language accepted by this automaton for the input 11000?', 'intent': 'fsa-practical', 'argument': 'language', 'dialogue_act': 'Ta:request', 'frame': {'input': '11000'}}
Correctness;1;given the finite state automaton shown, does the input string 11000 form a valid pattern that is accepted by this automaton?;Could you be more specific?;[];0.0;11;False;{'user_input': 'given the finite state automaton shown, does the input string 11000 form a valid pattern that is accepted by this automaton?', 'intent': 'fsa-practical', 'argument': 'language', 'dialogue_act': 'Ta:propositionalQuestion', 'frame': {'input': '11000'}}
Correctness;1;What is the language accepted by this automaton, specifically which strings lead to the state “?” as the final state?;Could you be more specific?;[];0.0;12;False;{'user_input': 'What is the language accepted by this automaton, specifically which strings lead to the state “?” as the final state?', 'intent': 'fsa-practical', 'argument': 'language', 'dialogue_act': 'Ta:request', 'frame': {'finalStates': '?'}}
Correctness;2;What is the transition label from q1 to q2?;The transition between q1 and q2 is with value 1.;['simbolo-q1-q2'];1.0;0;False;{'user_input': 'What is the transition label from q1 to q2?', 'intent': 'fsa-practical', 'argument': 'transition', 'dialogue_act': 'Ta:request', 'frame': {'transitions': [['q1', 'q2', '?']]}}
Correctness;2;"sorry, this is not labeled 1; can you tell me what symbol should label the transition from q1 to q2 instead?";The transition between q1 and q2 is with value 1.;['simbolo-q1-q2'];1.0;0;False;"{'user_input': 'sorry, this is not labeled 1; can you tell me what symbol should label the transition from q1 to q2 instead?', 'intent': 'fsa-practical', 'argument': 'transition', 'dialogue_act': 'Ta:request', 'frame': {'transitions': [['q1', 'q2', '?']]}, '_raw_frame': {'transitions': [['q1', 'q2', '?']]}}"
Correctness;2;Are both Q1 and Q2 initial states in this automaton’s transitions?;MUTATION The automaton has 5 states: q0, q1, q2,;['simbolo-q0', 'simbolo-q1', 'simbolo-q2', 'simbolo-q3', 'simbolo-q4'];0.0;1;True;{'user_input': 'Are both Q1 and Q2 initial states in this automaton’s transitions?', 'intent': 'fsa-practical', 'argument': 'state', 'dialogue_act': 'Ta:request', 'frame': {'initialStates': 'Q1'}}
Correctness;2;which state is the initial state of the automaton, is it q1?;It is not the initial state.;[];1.0;1;False;{'user_input': 'which state is the initial state of the automaton, is it q1?', 'intent': 'fsa-practical', 'argument': 'state', 'dialogue_act': 'Ta:request', 'frame': {'initialState': 'q1'}}
Correctness;2;which state is the initial state of the automaton, is it q1?;It is not the initial state.;[];1.0;1;False;{'user_input': 'which state is the initial state of the automaton, is it q1?', 'intent': 'fsa-practical', 'argument': 'state', 'dialogue_act': 'Ta:request', 'frame': {'initialState': 'q1'}}
Correctness;2;Is Q1 the initial state of this automaton?;It is not the initial state.;[];1.0;1;False;{'user_input': 'Is Q1 the initial state of this automaton?', 'intent': 'fsa-practical', 'argument': 'state', 'dialogue_act': 'Ta:request', 'frame': {'initialState': 'Q1'}}
Correctness;2;Is Q1 the initial state of this automaton?;It is not the initial state.;[];1.0;1;False;{'user_input': 'Is Q1 the initial state of this automaton?', 'intent': 'fsa-practical', 'argument': 'state', 'dialogue_act': 'Ta:request', 'frame': {'initialState': 'Q1'}}
Correctness;2;Which transitions are there that start from an unknown state, go to Q4, and then go to another unknown state?;The automaton has 5 transitions: q0 with value 1 goes to q1, q1 with value 1 goes to q2, q2 with value 0 goes to q3, q3 with value 0 goes to q4, q4 with value 0 goes to q0.;['simbolo-q0-q1', 'simbolo-q1-q2', 'simbolo-q2-q3', 'simbolo-q3-q4', 'simbolo-q4-q0'];0.2;2;False;{'user_input': 'Which transitions are there that start from an unknown state, go to Q4, and then go to another unknown state?', 'intent': 'fsa-practical', 'argument': 'transition', 'dialogue_act': 'Ta:request', 'frame': {'transitions': []}}
Correctness;3;Can this automaton accept the empty string without reading any input?;The automaton accepts zero or more words formed by a sequence of the type 11000. In total there are 5 states: q0, q1, q2, q3 and q4. q0 is both the initial and the final state. The transitions are: q0 with value 1 goes to q1, q1 with value 1 goes to q2, q2 with value 0 goes to q3, q3 with value 0 goes to q4, q4 with value 0 goes to q0.;[];0.3;1;False;{'user_input': 'Can this automaton accept the empty string without reading any input?', 'intent': 'fsa-practical', 'argument': 'automaton', 'dialogue_act': 'Ta:request', 'frame': {'input': ''}}
Correctness;3;can you tell me which input strings are accepted by this automaton?;Could you be more specific?;[];0.0;2;False;{'user_input': 'can you tell me which input strings are accepted by this automaton?', 'intent': 'fsa-practical', 'argument': 'language', 'dialogue_act': 'Ta:request', 'frame': {'input': '?'}}
Correctness;3;Before saying goodbye, could you tell me what is the language recognized by this automaton for a given input string?;Could you be more specific?;[];0.0;3;False;{'user_input': 'Before saying goodbye, could you tell me what is the language recognized by this automaton for a given input string?', 'intent': 'fsa-practical', 'argument': 'language', 'dialogue_act': 'Ta:request', 'frame': {'input': '?'}}
Correctness;3;what is the input that makes the automaton follow the transition sequence q0 → q1 → q2 → q3 → q4 → q0?;Could you be more specific?;[];0.0;4;False;{'user_input': 'what is the input that makes the automaton follow the transition sequence q0 → q1 → q2 → q3 → q4 → q0?', 'intent': 'fsa-practical', 'argument': 'language', 'dialogue_act': 'Ta:request', 'frame': {'input': '?'}}
Correctness;3;which states in this automaton have no transitions?;The state q0 exists.;['simbolo-q0'];0.0;5;False;{'user_input': 'which states in this automaton have no transitions?', 'intent': 'fsa-practical', 'argument': 'state', 'dialogue_act': 'Ta:request', 'frame': {'states': '?'}}
Correctness;3;Hi again! For this automaton, could you remind me what all the states are?;The state q0 exists.;['simbolo-q0'];0.2;6;False;{'user_input': 'Hi again! For this automaton, could you remind me what all the states are?', 'intent': 'fsa-practical', 'argument': 'state', 'dialogue_act': 'Ta:request', 'frame': {'states': '?'}}
Correctness;3;thank you! could you please tell me what the states of this automaton are?;The state q0 exists.;['simbolo-q0'];0.2;7;False;{'user_input': 'thank you! could you please tell me what the states of this automaton are?', 'intent': 'fsa-practical', 'argument': 'state', 'dialogue_act': 'Ta:propositionalQuestion', 'frame': {'states': '?'}}
Correctness;3;What is the language accepted by this finite state automaton, in terms of the strings it recognizes?;Could you be more specific?;[];0.0;8;False;{'user_input': 'What is the language accepted by this finite state automaton, in terms of the strings it recognizes?', 'intent': 'fsa-practical', 'argument': 'language', 'dialogue_act': 'Ta:request', 'frame': {'input': '?'}}
Correctness;3;The language accepted by this automaton for the input is what?;Could you be more specific?;[];0.0;9;False;{'user_input': 'The language accepted by this automaton for the input is what?', 'intent': 'fsa-practical', 'argument': 'language', 'dialogue_act': 'Ta:request', 'frame': {'input': '?'}}
Correctness;3;Can you tell me what language is recognized by this automaton for the input string?;Could you be more specific?;[];0.1;10;False;{'user_input': 'Can you tell me what language is recognized by this automaton for the input string?', 'intent': 'fsa-practical', 'argument': 'language', 'dialogue_act': 'Ta:request', 'frame': {'input': '?'}}
Correctness;3;What is the language accepted by this automaton for an input of ?;Could you be more specific?;[];0.2;11;False;{'user_input': 'What is the language accepted by this automaton for an input of ?', 'intent': 'fsa-practical', 'argument': 'language', 'dialogue_act': 'Ta:request', 'frame': {'input': '?'}}
Correctness;3;What is the language accepted by this automaton for the input string “?”?;Could you be more specific?;[];0.1;12;False;{'user_input': 'What is the language accepted by this automaton for the input string “?”?', 'intent': 'fsa-practical', 'argument': 'language', 'dialogue_act': 'Ta:request', 'frame': {'input': '?'}}
Correctness;3;what is the language accepted by this automaton for the input string “?”?;Could you be more specific?;[];0.1;13;False;{'user_input': 'what is the language accepted by this automaton for the input string “?”?', 'intent': 'fsa-practical', 'argument': 'language', 'dialogue_act': 'Ta:request', 'frame': {'input': '?'}}
Correctness;3;Before we say goodbye, could you tell me what is the language recognized by this automaton for a given input?;Could you be more specific?;[];0.0;14;False;{'user_input': 'Before we say goodbye, could you tell me what is the language recognized by this automaton for a given input?', 'intent': 'fsa-practical', 'argument': 'language', 'dialogue_act': 'Ta:propositionalQuestion', 'frame': {'input': '?'}}
Correctness;3;What is the language accepted by this automaton for the input string ?;Could you be more specific?;[];0.0;15;False;{'user_input': 'What is the language accepted by this automaton for the input string ?', 'intent': 'fsa-practical', 'argument': 'language', 'dialogue_act': 'Ta:propositionalQuestion', 'frame': {'input': '?'}}
Correctness;4;Is there any way to go from q2 directly to q4 in one transition?;there is no transition between q2 and q4.;[];1.0;0;False;{'user_input': 'Is there any way to go from q2 directly to q4 in one transition?', 'intent': 'fsa-practical', 'argument': 'transition', 'dialogue_act': 'Ta:propositionalQuestion', 'frame': {'transitions': [['q2', 'q4', '?']]}}
Correctness;4;What is the label of the transition that goes from state q2 to state q4?;there is no transition between q2 and q4.;[];1.0;0;False;{'user_input': 'What is the label of the transition that goes from state q2 to state q4?', 'intent': 'fsa-practical', 'argument': 'transition', 'dialogue_act': 'Ta:request', 'frame': {'transitions': [['q2', 'q4', '?']]}}
Correctness;4;what is the missing symbol on the transition from this to that in this automaton?;There is no transition between q2 and q4.;[];0.0;1;False;{'user_input': 'what is the missing symbol on the transition from this to that in this automaton?', 'intent': 'fsa-practical', 'argument': None, 'dialogue_act': 'Ta:request', 'frame': {'states': ['q2', 'q4']}, '_raw_frame': {'transitions': []}}
Correctness;4;How many transitions are there in this automaton?;The automaton has 5 transitions: q0 with value 1 goes to q1, q1 with value 1 goes to q2, q2 with value 0 goes to q3, q3 with value 0 goes to q4, q4 with value 0 goes to q0.;['simbolo-q0-q1', 'simbolo-q1-q2', 'simbolo-q2-q3', 'simbolo-q3-q4', 'simbolo-q4-q0'];1.0;1;False;{'user_input': 'How many transitions are there in this automaton?', 'intent': 'fsa-practical', 'argument': 'transition', 'dialogue_act': 'Ta:request', 'frame': {'numberOfTransitions': '?'}}
Correctness;4;which of the states q2 and q4 are final states in this finite state automaton?;The final state is q0.;['simbolo-q0'];0.0;2;False;{'user_input': 'which of the states q2 and q4 are final states in this finite state automaton?', 'intent': 'fsa-practical', 'argument': 'state', 'dialogue_act': 'Ta:request', 'frame': {'finalStates': 'q2'}}
Correctness;4;is q2 a final state of this automaton?;MUTATION The automaton has 5 states: q0, q1, q2,;['simbolo-q0', 'simbolo-q1', 'simbolo-q2', 'simbolo-q3', 'simbolo-q4'];0.0;3;True;{'user_input': 'is q2 a final state of this automaton?', 'intent': 'fsa-practical', 'argument': 'state', 'dialogue_act': 'Ta:propositionalQuestion', 'frame': {'state': 'q2'}}
Correctness;4;what is the theoretical role of this in this finite state automaton?;The state q2 exists.;['simbolo-q2'];0.1;4;False;{'user_input': 'what is the theoretical role of this in this finite state automaton?', 'intent': 'fsa-practical', 'argument': 'state', 'dialogue_act': 'Ta:request', 'frame': {'states': ['q2']}, '_raw_frame': {'states': '?'}}
Correctness;4;in the automaton shown, what happens in practical terms when the machine is in this?;The state q2 exists.;['simbolo-q2'];0.1;5;False;{'user_input': 'in the automaton shown, what happens in practical terms when the machine is in this?', 'intent': 'fsa-practical', 'argument': 'state', 'dialogue_act': 'Ta:request', 'frame': {'states': ['q2']}, '_raw_frame': {'states': '?'}}
Correctness;4;what is the role of this in this finite state automaton?;The state q2 exists.;['simbolo-q2'];0.0;6;False;{'user_input': 'what is the role of this in this finite state automaton?', 'intent': 'fsa-practical', 'argument': 'state', 'dialogue_act': 'Ta:request', 'frame': {'states': ['q2']}, '_raw_frame': {'state': '?'}}
Correctness;4;can you give me information about this in this automaton?;The automaton accepts zero or more words formed by a sequence of the type 11000. In total there are 5 states: q0, q1, q2, q3 and q4. q0 is both the initial and the final state. The transitions are: q0 with value 1 goes to q1, q1 with value 1 goes to q2, q2 with value 0 goes to q3, q3 with value 0 goes to q4, q4 with value 0 goes to q0.;[];1.0;6;False;{'user_input': 'can you give me information about this in this automaton?', 'intent': 'fsa-practical', 'argument': 'automaton', 'dialogue_act': 'Ta:request', 'frame': {'states': ['q2']}, '_raw_frame': {}}
Correctness;4;Which pattern does the automaton recognize starting from state q2?;Could you be more specific?;[];0.0;7;False;{'user_input': 'Which pattern does the automaton recognize starting from state q2?', 'intent': 'fsa-practical', 'argument': 'pattern', 'dialogue_act': 'Ta:request', 'frame': {'patternType': '?'}}
Correctness;4;what is the alphabet of this automaton?;Could you be more specific?;[];0.0;8;False;{'user_input': 'what is the alphabet of this automaton?', 'intent': 'fsa-practical', 'argument': 'alphabet', 'dialogue_act': 'Ta:request', 'frame': {'alphabet': '?'}}
Correctness;4;what is the alphabet of this automaton?;Could you be more specific?;[];0.0;9;False;{'user_input': 'what is the alphabet of this automaton?', 'intent': 'fsa-practical', 'argument': 'alphabet', 'dialogue_act': 'Ta:request', 'frame': {'alphabet': '?'}}
Correctness;4;the alphabet of this automaton is not {0,1}, is it?;Could you be more specific?;[];0.1;10;False;{'user_input': 'the alphabet of this automaton is not {0,1}, is it?', 'intent': 'fsa-practical', 'argument': 'alphabet', 'dialogue_act': 'Ta:propositionalQuestion', 'frame': {'alphabet': '0'}}
Correctness;4;What is the alphabet of this automaton?;Could you be more specific?;[];0.0;11;False;{'user_input': 'What is the alphabet of this automaton?', 'intent': 'fsa-practical', 'argument': 'alphabet', 'dialogue_act': 'Ta:request', 'frame': {'alphabet': '?'}}
Correctness;5;Does this automaton recognize a regular language or some other type of language?;Could you be more specific?;[];0.0;1;False;{'user_input': 'Does this automaton recognize a regular language or some other type of language?', 'intent': 'fsa-practical', 'argument': 'language', 'dialogue_act': 'Ta:propositionalQuestion', 'frame': {'input': '?'}}
Correctness;5;does this automaton accept the language of all binary strings that contain the pattern 11000?;Could you be more specific?;[];0.0;2;False;{'user_input': 'does this automaton accept the language of all binary strings that contain the pattern 11000?', 'intent': 'fsa-practical', 'argument': 'language', 'dialogue_act': 'Ta:request', 'frame': {'pattern': '11000'}}
Correctness;5;what is the language accepted by the automaton if the final states are q1 and q2?;Could you be more specific?;[];0.0;3;False;{'user_input': 'what is the language accepted by the automaton if the final states are q1 and q2?', 'intent': 'fsa-practical', 'argument': 'language', 'dialogue_act': 'Ta:request', 'frame': {'finalStates': 'q1'}}
Correctness;5;In this automaton, the final state is q1.;The final state is q0.;['simbolo-q0'];1.0;3;False;{'user_input': 'In this automaton, the final state is q1.', 'intent': 'fsa-practical', 'argument': 'state', 'dialogue_act': 'Ta:request', 'frame': {'finalStates': 'q1'}}
Correctness;5;What is the pattern of final states in this automaton if the only final state is q1?;Could you be more specific?;[];0.0;4;False;{'user_input': 'What is the pattern of final states in this automaton if the only final state is q1?', 'intent': 'fsa-practical', 'argument': 'pattern', 'dialogue_act': 'Ta:request', 'frame': {'patternType': '?'}}
Correctness;5;what is the pattern type of this finite state automaton?;Could you be more specific?;[];0.1;5;False;{'user_input': 'what is the pattern type of this finite state automaton?', 'intent': 'fsa-practical', 'argument': 'pattern', 'dialogue_act': 'Ta:request', 'frame': {'patternType': '?'}}
Correctness;5;what type of pattern does this automaton recognize?;Could you be more specific?;[];0.0;6;False;{'user_input': 'what type of pattern does this automaton recognize?', 'intent': 'fsa-practical', 'argument': 'pattern', 'dialogue_act': 'Ta:request', 'frame': {'patternType': '?'}}
Correctness;5;What is the pattern type followed by this finite state automaton?;Could you be more specific?;[];0.0;7;False;{'user_input': 'What is the pattern type followed by this finite state automaton?', 'intent': 'fsa-practical', 'argument': 'pattern', 'dialogue_act': 'Ta:request', 'frame': {'patternType': '?'}}
Correctness;5;How many final states does this automaton have?;MUTATION The automaton has 5 states: q0, q1, q2,;['simbolo-q0', 'simbolo-q1', 'simbolo-q2', 'simbolo-q3', 'simbolo-q4'];0.0;8;True;{'user_input': 'How many final states does this automaton have?', 'intent': 'fsa-practical', 'argument': 'state', 'dialogue_act': 'Ta:request', 'frame': {'numberOfFinalStates': '?'}}
Correctness;5;how many final states does this automaton have?;MUTATION The automaton has 5 states: q0, q1, q2,;['simbolo-q0', 'simbolo-q1', 'simbolo-q2', 'simbolo-q3', 'simbolo-q4'];0.0;9;True;{'user_input': 'how many final states does this automaton have?', 'intent': 'fsa-practical', 'argument': 'state', 'dialogue_act': 'Ta:request', 'frame': {'numberOfFinalStates': '?'}}
Correctness;5;Which state in this automaton has the most transitions, is it q3?;MUTATION The automaton has 5 states: q0, q1, q2,;['simbolo-q0', 'simbolo-q1', 'simbolo-q2', 'simbolo-q3', 'simbolo-q4'];0.0;10;True;{'user_input': 'Which state in this automaton has the most transitions, is it q3?', 'intent': 'fsa-practical', 'argument': 'state', 'dialogue_act': 'Ta:propositionalQuestion', 'frame': {'stateWithMostTransitions': 'q3'}}
Correctness;5;which state in this automaton has the most transitions, is it q3?;MUTATION The automaton has 5 states: q0, q1, q2,;['simbolo-q0', 'simbolo-q1', 'simbolo-q2', 'simbolo-q3', 'simbolo-q4'];0.0;11;True;{'user_input': 'which state in this automaton has the most transitions, is it q3?', 'intent': 'fsa-practical', 'argument': 'state', 'dialogue_act': 'Ta:request', 'frame': {'stateWithMostTransitions': 'q3'}}
Correctness;5;Which state in this automaton has the most transitions, is it q3?;MUTATION The automaton has 5 states: q0, q1, q2,;['simbolo-q0', 'simbolo-q1', 'simbolo-q2', 'simbolo-q3', 'simbolo-q4'];0.0;12;True;{'user_input': 'Which state in this automaton has the most transitions, is it q3?', 'intent': 'fsa-practical', 'argument': 'state', 'dialogue_act': 'Ta:request', 'frame': {'stateWithMostTransitions': 'q3'}}
Correctness;5;Which state in this automaton has the highest number of transitions, is it q3?;MUTATION The automaton has 5 states: q0, q1, q2,;['simbolo-q0', 'simbolo-q1', 'simbolo-q2', 'simbolo-q3', 'simbolo-q4'];0.0;13;True;{'user_input': 'Which state in this automaton has the highest number of transitions, is it q3?', 'intent': 'fsa-practical', 'argument': 'state', 'dialogue_act': 'Ta:propositionalQuestion', 'frame': {'stateWithMostTransitions': '?'}}
Correctness;5;Are there exactly 2 transitions leaving the current state?;The automaton has 5 transitions: q0 with value 1 goes to q1, q1 with value 1 goes to q2, q2 with value 0 goes to q3, q3 with value 0 goes to q4, q4 with value 0 goes to q0.;['simbolo-q0-q1', 'simbolo-q1-q2', 'simbolo-q2-q3', 'simbolo-q3-q4', 'simbolo-q4-q0'];0.3;14;False;{'user_input': 'Are there exactly 2 transitions leaving the current state?', 'intent': 'fsa-practical', 'argument': 'transition', 'dialogue_act': 'Ta:request', 'frame': {'transitions': []}}
VisualRelevancy;1;Is it possible to go from q2 to q4 in this automaton?;there is no transition between q2 and q4.;[];1.0;0;False;{'user_input': 'Is it possible to go from q2 to q4 in this automaton?', 'intent': 'fsa-practical', 'argument': 'transition', 'dialogue_act': 'Ta:propositionalQuestion', 'frame': {'transitions': [['q2', 'q4', '?']]}}
VisualRelevancy;1;What is the label of the transition from state q2 to state q4?;there is no transition between q2 and q4.;[];1.0;0;False;{'user_input': 'What is the label of the transition from state q2 to state q4?', 'intent': 'fsa-practical', 'argument': 'transition', 'dialogue_act': 'Ta:request', 'frame': {'transitions': [['q2', 'q4', '?']]}}
VisualRelevancy;1;What is the symbol of the transition from state q2 to state q4 in this automaton’s alphabet?;The automaton has 5 transitions: q0 with value 1 goes to q1, q1 with value 1 goes to q2, q2 with value 0 goes to q3, q3 with value 0 goes to q4, q4 with value 0 goes to q0.;['simbolo-q0-q1', 'simbolo-q1-q2', 'simbolo-q2-q3', 'simbolo-q3-q4', 'simbolo-q4-q0'];0.9;0;False;{'user_input': 'What is the symbol of the transition from state q2 to state q4 in this automaton’s alphabet?', 'intent': 'fsa-practical', 'argument': 'transition', 'dialogue_act': 'Ta:request', 'frame': {'alphabet': '?'}}
VisualRelevancy;1;What is the alphabet of this automaton?;Could you be more specific?;[];1.0;0;False;{'user_input': 'What is the alphabet of this automaton?', 'intent': 'fsa-practical', 'argument': 'alphabet', 'dialogue_act': 'Ta:propositionalQuestion', 'frame': {'alphabet': '?'}}
VisualRelevancy;1;what is the alphabet of this automaton?;Could you be more specific?;[];1.0;0;False;{'user_input': 'what is the alphabet of this automaton?', 'intent': 'fsa-practical', 'argument': 'alphabet', 'dialogue_act': 'Ta:request', 'frame': {'alphabet': '?'}}
VisualRelevancy;1;does this automaton contain a transition from one state to another on a given input symbol?;The automaton accepts zero or more words formed by a sequence of the type 11000. In total there are 5 states: q0, q1, q2, q3 and q4. q0 is both the initial and the final state. The transitions are: q0 with value 1 goes to q1, q1 with value 1 goes to q2, q2 with value 0 goes to q3, q3 with value 0 goes to q4, q4 with value 0 goes to q0.;[];1.0;0;False;{'user_input': 'does this automaton contain a transition from one state to another on a given input symbol?', 'intent': 'fsa-practical', 'argument': 'automaton', 'dialogue_act': 'Ta:request', 'frame': {'input': '?'}}
VisualRelevancy;1;There are 2 transitions in this automaton.;The automaton has 5 transitions: q0 with value 1 goes to q1, q1 with value 1 goes to q2, q2 with value 0 goes to q3, q3 with value 0 goes to q4, q4 with value 0 goes to q0.;['simbolo-q0-q1', 'simbolo-q1-q2', 'simbolo-q2-q3', 'simbolo-q3-q4', 'simbolo-q4-q0'];1.0;0;False;{'user_input': 'There are 2 transitions in this automaton.', 'intent': 'fsa-practical', 'argument': 'transition', 'dialogue_act': 'Ta:request', 'frame': {'numberOfTransitions': '2'}}
VisualRelevancy;1;The alphabet of this automaton’s transitions is unknown: can you tell me what symbols form its alphabet?;Could you be more specific?;[];1.0;0;False;{'user_input': 'The alphabet of this automaton’s transitions is unknown: can you tell me what symbols form its alphabet?', 'intent': 'fsa-practical', 'argument': 'alphabet', 'dialogue_act': 'Ta:request', 'frame': {'alphabet': '?'}}
VisualRelevancy;2;What is the value on the transition from q1 to q2?;The transition between q1 and q2 is with value 1.;['simbolo-q1-q2'];1.0;0;False;{'user_input': 'What is the value on the transition from q1 to q2?', 'intent': 'fsa-practical', 'argument': 'transition', 'dialogue_act': 'Ta:request', 'frame': {'transitions': [['q1', 'q2', '?']]}}
VisualRelevancy;2;is this labeled with 1 in this automaton?;MUTATION The automaton has 5 states: q0, q1, q2,;['simbolo-q0', 'simbolo-q1', 'simbolo-q2', 'simbolo-q3', 'simbolo-q4'];0.8;0;True;{'user_input': 'is this labeled with 1 in this automaton?', 'intent': 'fsa-practical', 'argument': 'state', 'dialogue_act': 'Ta:request', 'frame': {'transitions': [['q1', 'q2', '?']]}, '_raw_frame': {'state': '?'}}
VisualRelevancy;2;what is the symbol of this?;Could you be more specific?;[];1.0;0;False;{'user_input': 'what is the symbol of this?', 'intent': 'fsa-practical', 'argument': 'alphabet', 'dialogue_act': 'Ta:request', 'frame': {'transitions': [['q1', 'q2', '?']]}, '_raw_frame': {}}
VisualRelevancy;2;which state in this automaton has the highest number of transitions?;The state q0 exists.;['simbolo-q0'];0.2;1;False;{'user_input': 'which state in this automaton has the highest number of transitions?', 'intent': 'fsa-practical', 'argument': 'state', 'dialogue_act': 'Ta:request', 'frame': {'states': '?'}}
VisualRelevancy;2;What is the alphabet of this automaton?;Could you be more specific?;[];1.0;1;False;{'user_input': 'What is the alphabet of this automaton?', 'intent': 'fsa-practical', 'argument': 'alphabet', 'dialogue_act': 'Ta:request', 'frame': {'alphabet': '?'}}
VisualRelevancy;2;are the states of this automaton q0, q1, q2, q3 and q4?;The state q0 exists.;['simbolo-q0'];0.9;1;False;{'user_input': 'are the states of this automaton q0, q1, q2, q3 and q4?', 'intent': 'fsa-practical', 'argument': 'state', 'dialogue_act': 'Ta:propositionalQuestion', 'frame': {'states': 'q0'}}
VisualRelevancy;2;Which state does the automaton reach when the input is a string with more than three 1s followed by two 0s (longerThanThreeOnesFollowedByTwoZeros)?;MUTATION The automaton has 5 states: q0, q1, q2,;['simbolo-q0', 'simbolo-q1', 'simbolo-q2', 'simbolo-q3', 'simbolo-q4'];0.3;2;True;{'user_input': 'Which state does the automaton reach when the input is a string with more than three 1s followed by two 0s (longerThanThreeOnesFollowedByTwoZeros)?', 'intent': 'fsa-practical', 'argument': 'state', 'dialogue_act': 'Ta:request', 'frame': {'input': 'longerThanThreeOnesFollowedByTwoZeros'}}
VisualRelevancy;2;Which state in this automaton has the highest number of transitions?;MUTATION The automaton has 5 states: q0, q1, q2,;['simbolo-q0', 'simbolo-q1', 'simbolo-q2', 'simbolo-q3', 'simbolo-q4'];0.5;2;True;{'user_input': 'Which state in this automaton has the highest number of transitions?', 'intent': 'fsa-practical', 'argument': 'state', 'dialogue_act': 'Ta:propositionalQuestion', 'frame': {'stateWithMostTransitions': '?'}}
VisualRelevancy;2;What are the transitions of this automaton?;The automaton has 5 transitions: q0 with value 1 goes to q1, q1 with value 1 goes to q2, q2 with value 0 goes to q3, q3 with value 0 goes to q4, q4 with value 0 goes to q0.;['simbolo-q0-q1', 'simbolo-q1-q2', 'simbolo-q2-q3', 'simbolo-q3-q4', 'simbolo-q4-q0'];1.0;2;False;{'user_input': 'What are the transitions of this automaton?', 'intent': 'fsa-practical', 'argument': 'transition', 'dialogue_act': 'Ta:request', 'frame': {'transitions': []}}
VisualRelevancy;3;What strings of 0s and 1s does this automaton accept?;Could you be more specific?;[];1.0;0;False;{'user_input': 'What strings of 0s and 1s does this automaton accept?', 'intent': 'fsa-practical', 'argument': 'language', 'dialogue_act': 'Ta:request', 'frame': {'input': 'pattern'}}
VisualRelevancy;3;what is the language recognized by this automaton over the alphabet [“1”, “0”]?;Could you be more specific?;[];1.0;0;False;{'user_input': 'what is the language recognized by this automaton over the alphabet [“1”, “0”]?', 'intent': 'fsa-practical', 'argument': 'language', 'dialogue_act': 'Ta:request', 'frame': {'alphabet': '1'}}
VisualRelevancy;3;hi! can we talk about the language recognized by this automaton with alphabet {1}?;Could you be more specific?;[];1.0;0;False;{'user_input': 'hi! can we talk about the language recognized by this automaton with alphabet {1}?', 'intent': 'fsa-practical', 'argument': 'language', 'dialogue_act': 'Ta:request', 'frame': {'alphabet': ['1']}}
VisualRelevancy;3;What is the language recognized by this automaton over the alphabet {1}?;Could you be more specific?;[];1.0;0;False;{'user_input': 'What is the language recognized by this automaton over the alphabet {1}?', 'intent': 'fsa-practical', 'argument': 'language', 'dialogue_act': 'Ta:request', 'frame': {'alphabet': ['1']}}
VisualRelevancy;3;What is the language accepted by this automaton over the alphabet {1}?;Could you be more specific?;[];1.0;0;False;{'user_input': 'What is the language accepted by this automaton over the alphabet {1}?', 'intent': 'fsa-practical', 'argument': 'language', 'dialogue_act': 'Ta:request', 'frame': {'alphabet': ['1']}}
VisualRelevancy;3;Which transitions in the automaton are labeled with the symbol 1?;The automaton has 5 transitions: q0 with value 1 goes to q1, q1 with value 1 goes to q2, q2 with value 0 goes to q3, q3 with value 0 goes to q4, q4 with value 0 goes to q0.;['simbolo-q0-q1', 'simbolo-q1-q2', 'simbolo-q2-q3', 'simbolo-q3-q4', 'simbolo-q4-q0'];0.5;0;False;{'user_input': 'Which transitions in the automaton are labeled with the symbol 1?', 'intent': 'fsa-practical', 'argument': 'transition', 'dialogue_act': 'Ta:request', 'frame': {'transitions': []}}
VisualRelevancy;3;Which state in this automaton has the highest number of transitions?;MUTATION The automaton has 5 states: q0, q1, q2,;['simbolo-q0', 'simbolo-q1', 'simbolo-q2', 'simbolo-q3', 'simbolo-q4'];0.5;0;True;{'user_input': 'Which state in this automaton has the highest number of transitions?', 'intent': 'fsa-practical', 'argument': 'state', 'dialogue_act': 'Ta:propositionalQuestion', 'frame': {'stateWithMostTransitions': '?'}}
VisualRelevancy;3;which state in this automaton has the highest number of transitions?;MUTATION The automaton has 5 states: q0, q1, q2,;['simbolo-q0', 'simbolo-q1', 'simbolo-q2', 'simbolo-q3', 'simbolo-q4'];0.8;0;True;{'user_input': 'which state in this automaton has the highest number of transitions?', 'intent': 'fsa-practical', 'argument': 'state', 'dialogue_act': 'Ta:propositionalQuestion', 'frame': {'stateWithMostTransitions': '?'}}
VisualRelevancy;3;hi, looking at this automaton, which state has the most transitions?;MUTATION The automaton has 5 states: q0, q1, q2,;['simbolo-q0', 'simbolo-q1', 'simbolo-q2', 'simbolo-q3', 'simbolo-q4'];0.8;0;True;{'user_input': 'hi, looking at this automaton, which state has the most transitions?', 'intent': 'fsa-practical', 'argument': 'state', 'dialogue_act': 'Ta:request', 'frame': {'stateWithMostTransitions': '?'}}
VisualRelevancy;3;Which state in this automaton has the highest number of transitions?;MUTATION The automaton has 5 states: q0, q1, q2,;['simbolo-q0', 'simbolo-q1', 'simbolo-q2', 'simbolo-q3', 'simbolo-q4'];0.5;0;True;{'user_input': 'Which state in this automaton has the highest number of transitions?', 'intent': 'fsa-practical', 'argument': 'state', 'dialogue_act': 'Ta:request', 'frame': {'stateWithMostTransitions': '?'}}
VisualRelevancy;3;Thanks, regarding the states of this automaton, which state has the most transitions?;MUTATION The automaton has 5 states: q0, q1, q2,;['simbolo-q0', 'simbolo-q1', 'simbolo-q2', 'simbolo-q3', 'simbolo-q4'];0.9;0;True;{'user_input': 'Thanks, regarding the states of this automaton, which state has the most transitions?', 'intent': 'fsa-practical', 'argument': 'state', 'dialogue_act': 'Ta:propositionalQuestion', 'frame': {'numberOfTransitions': '?'}}
VisualRelevancy;3;Which state in this automaton has the highest number of transitions?;The state q0 exists.;['simbolo-q0'];0.3;1;False;{'user_input': 'Which state in this automaton has the highest number of transitions?', 'intent': 'fsa-practical', 'argument': 'state', 'dialogue_act': 'Ta:request', 'frame': {'states': '?'}}
VisualRelevancy;3;what are the states of this automaton?;The state q0 exists.;['simbolo-q0'];0.9;1;False;{'user_input': 'what are the states of this automaton?', 'intent': 'fsa-practical', 'argument': 'state', 'dialogue_act': 'Ta:request', 'frame': {'states': '?'}}
VisualRelevancy;3;Which are the states of this automaton?;The state q0 exists.;['simbolo-q0'];0.4;1;False;{'user_input': 'Which are the states of this automaton?', 'intent': 'fsa-practical', 'argument': 'state', 'dialogue_act': 'Ta:request', 'frame': {'states': '?'}}
VisualRelevancy;3;What are the states of this automaton?;The state q0 exists.;['simbolo-q0'];0.9;1;False;{'user_input': 'What are the states of this automaton?', 'intent': 'fsa-practical', 'argument': 'state', 'dialogue_act': 'Ta:request', 'frame': {'states': '?'}}
VisualRelevancy;4;Is this automaton deterministic or non-deterministic?;The automaton accepts zero or more words formed by a sequence of the type 11000. In total there are 5 states: q0, q1, q2, q3 and q4. q0 is both the initial and the final state. The transitions are: q0 with value 1 goes to q1, q1 with value 1 goes to q2, q2 with value 0 goes to q3, q3 with value 0 goes to q4, q4 with value 0 goes to q0.;[];1.0;0;False;{'user_input': 'Is this automaton deterministic or non-deterministic?', 'intent': 'fsa-practical', 'argument': 'automaton', 'dialogue_act': 'Ta:propositionalQuestion', 'frame': {'input': 'automatonType'}}
VisualRelevancy;4;What type of automaton is this?;The automaton accepts zero or more words formed by a sequence of the type 11000. In total there are 5 states: q0, q1, q2, q3 and q4. q0 is both the initial and the final state. The transitions are: q0 with value 1 goes to q1, q1 with value 1 goes to q2, q2 with value 0 goes to q3, q3 with value 0 goes to q4, q4 with value 0 goes to q0.;[];1.0;0;False;{'user_input': 'What type of automaton is this?', 'intent': 'fsa-practical', 'argument': 'automaton', 'dialogue_act': 'Ta:request', 'frame': {'type': '?'}}
VisualRelevancy;4;What type of automaton is this finite state machine?;The automaton accepts zero or more words formed by a sequence of the type 11000. In total there are 5 states: q0, q1, q2, q3 and q4. q0 is both the initial and the final state. The transitions are: q0 with value 1 goes to q1, q1 with value 1 goes to q2, q2 with value 0 goes to q3, q3 with value 0 goes to q4, q4 with value 0 goes to q0.;[];1.0;0;False;{'user_input': 'What type of automaton is this finite state machine?', 'intent': 'fsa-practical', 'argument': 'automaton', 'dialogue_act': 'Ta:request', 'frame': {}}
VisualRelevancy;4;What is the alphabet of this automaton?;Could you be more specific?;[];1.0;0;False;{'user_input': 'What is the alphabet of this automaton?', 'intent': 'fsa-practical', 'argument': 'alphabet', 'dialogue_act': 'Ta:request', 'frame': {'alphabet': '?'}}
VisualRelevancy;4;What is the deterministic language type (alphabet) of this automaton?;Could you be more specific?;[];1.0;0;False;{'user_input': 'What is the deterministic language type (alphabet) of this automaton?', 'intent': 'fsa-practical', 'argument': 'alphabet', 'dialogue_act': 'Ta:request', 'frame': {'alphabet': '?'}}
VisualRelevancy;4;what is the language recognized by this automaton, in particular what is its alphabet?;Could you be more specific?;[];1.0;0;False;{'user_input': 'what is the language recognized by this automaton, in particular what is its alphabet?', 'intent': 'fsa-practical', 'argument': 'language', 'dialogue_act': 'Ta:request', 'frame': {'alphabet': '?'}}
VisualRelevancy;4;what is the language recognized by this automaton?;Could you be more specific?;[];1.0;0;False;{'user_input': 'what is the language recognized by this automaton?', 'intent': 'fsa-practical', 'argument': 'language', 'dialogue_act': 'Ta:request', 'frame': {'input': '?'}}
VisualRelevancy;4;What is the language recognized by this automaton when its graphical representation is a triangle?;Could you be more specific?;[];1.0;0;False;{'user_input': 'What is the language recognized by this automaton when its graphical representation is a triangle?', 'intent': 'fsa-practical', 'argument': 'language', 'dialogue_act': 'Ta:request', 'frame': {'graphicRepresentation': 'triangle'}}
VisualRelevancy;4;Sorry, I meant the language of this automaton: with that triangular graphic representation, could you help me correct it?;Could you be more specific?;[];1.0;0;False;{'user_input': 'Sorry, I meant the language of this automaton: with that triangular graphic representation, could you help me correct it?', 'intent': 'fsa-practical', 'argument': 'language', 'dialogue_act': 'Ta:propositionalQuestion', 'frame': {'graphicRepresentation': 'triangularGraphicRepresentation'}}
VisualRelevancy;4;"the triangular graphic representation of the language accepted by this automaton is wrong; can you explain what is the correct language for this finite state automaton?";Could you be more specific?;[];1.0;0;False;"{'user_input': 'the triangular graphic representation of the language accepted by this automaton is wrong; can you explain what is the correct language for this finite state automaton?', 'intent': 'fsa-practical', 'argument': 'language', 'dialogue_act': 'Ta:request', 'frame': {'graphicRepresentation': '?', 'language': '?'}}"
VisualRelevancy;4;What is the language recognized by this automaton and what would be its optimal spatial representation?;Could you be more specific?;[];1.0;0;False;{'user_input': 'What is the language recognized by this automaton and what would be its optimal spatial representation?', 'intent': 'fsa-practical', 'argument': 'language', 'dialogue_act': 'Ta:request', 'frame': {'language': '?', 'optimalRepresentation': '?'}}
VisualRelevancy;4;What language is recognized by the automaton that has the transitions [“Q1”, “?”, “?”]?;Could you be more specific?;[];1.0;0;False;{'user_input': 'What language is recognized by the automaton that has the transitions [“Q1”, “?”, “?”]?', 'intent': 'fsa-practical', 'argument': 'language', 'dialogue_act': 'Ta:request', 'frame': {'alphabet': '?'}}
VisualRelevancy;4;What is the language recognized by this automaton, and what is its alphabet?;Could you be more specific?;[];1.0;0;False;{'user_input': 'What is the language recognized by this automaton, and what is its alphabet?', 'intent': 'fsa-practical', 'argument': 'language', 'dialogue_act': 'Ta:propositionalQuestion', 'frame': {'alphabet': '?', 'language': '?'}}
VisualRelevancy;4;what is the language accepted by this finite state automaton and what is its alphabet?;Could you be more specific?;[];1.0;0;False;{'user_input': 'what is the language accepted by this finite state automaton and what is its alphabet?', 'intent': 'fsa-practical', 'argument': 'language', 'dialogue_act': 'Ta:request', 'frame': {'alphabet': '?', 'language': '?'}}
VisualRelevancy;4;what is the language accepted starting from which state?;Could you be more specific?;[];1.0;0;False;{'user_input': 'what is the language accepted starting from which state?', 'intent': 'fsa-practical', 'argument': 'language', 'dialogue_act': 'Ta:request', 'frame': {'input': '?'}}
VisualRelevancy;5;What is the initial and only final state shown in the diagram?;The initial state is q0.;['simbolo-q0'];0.9;0;False;{'user_input': 'What is the initial and only final state shown in the diagram?', 'intent': 'fsa-practical', 'argument': 'state', 'dialogue_act': 'Ta:request', 'frame': {'initialState': '?', 'finalStates': '?'}}
VisualRelevancy;5;What are the initial and final states of this automaton?;The initial state is q0.;['simbolo-q0'];0.9;0;False;{'user_input': 'What are the initial and final states of this automaton?', 'intent': 'fsa-practical', 'argument': 'state', 'dialogue_act': 'Ta:request', 'frame': {'initialState': '?', 'finalStates': '?'}}
VisualRelevancy;5;What are the initial states of this automaton, specifically Q1 and Q2?;MUTATION The automaton has 5 states: q0, q1, q2,;['simbolo-q0', 'simbolo-q1', 'simbolo-q2', 'simbolo-q3', 'simbolo-q4'];0.9;0;True;{'user_input': 'What are the initial states of this automaton, specifically Q1 and Q2?', 'intent': 'fsa-practical', 'argument': 'state', 'dialogue_act': 'Ta:request', 'frame': {'initialStates': 'Q1'}}
VisualRelevancy;5;Is Q1 the initial state of this automaton?;It is not the initial state.;[];1.0;0;False;{'user_input': 'Is Q1 the initial state of this automaton?', 'intent': 'fsa-practical', 'argument': 'state', 'dialogue_act': 'Ta:request', 'frame': {'initialState': 'Q1'}}
VisualRelevancy;5;is q1 the initial state of this automaton?;It is not the initial state.;[];1.0;0;False;{'user_input': 'is q1 the initial state of this automaton?', 'intent': 'fsa-practical', 'argument': 'state', 'dialogue_act': 'Ta:request', 'frame': {'initialState': 'q1'}}
VisualRelevancy;5;In this automaton, is the initial state Q1?;It is not the initial state.;[];1.0;0;False;{'user_input': 'In this automaton, is the initial state Q1?', 'intent': 'fsa-practical', 'argument': 'state', 'dialogue_act': 'Ta:request', 'frame': {'initialState': 'Q1'}}
VisualRelevancy;5;goodbye, the initial state of the automaton is q1.;The automaton accepts zero or more words formed by a sequence of the type 11000. In total there are 5 states: q0, q1, q2, q3 and q4. q0 is both the initial and the final state. The transitions are: q0 with value 1 goes to q1, q1 with value 1 goes to q2, q2 with value 0 goes to q3, q3 with value 0 goes to q4, q4 with value 0 goes to q0.;[];1.0;0;False;{'user_input': 'goodbye, the initial state of the automaton is q1.', 'intent': 'fsa-practical', 'argument': None, 'dialogue_act': 'Ta:request', 'frame': {}}
VisualRelevancy;5;what is the initial state of the automaton if i say that the initial state is q1?;It is not the initial state.;[];1.0;0;False;{'user_input': 'what is the initial state of the automaton if i say that the initial state is q1?', 'intent': 'fsa-practical', 'argument': 'state', 'dialogue_act': 'Ta:request', 'frame': {'initialState': 'q1'}}
