METRIC;QUESTION;ANSWER;JUDGE_VALUE;FAILS;MUTED;NLU_OUTPUT
Accuracy;Is it possible to go from q2 to q4 in this automaton?;there is no transition between q2 and q4.;0.9;0;False;{'user_input': 'Is it possible to go from q2 to q4 in this automaton?', 'intent': 'fsa-practical', 'argument': 'transition', 'dialogue_act': 'Ta:propositionalQuestion', 'frame': {'transitions': [['q2', 'q4', '?']]}}
Accuracy;How many transitions are there in the automaton?;MUTATION The automaton has 5 transitions: q0 with value 1 goes to q1, q1 with value 1 goes to q2, q2 with value 0 goes to q3, q3 with value 0 goes to q4, q4 with value 0 goes to q0.;1.0;0;True;{'user_input': 'How many transitions are there in the automaton?', 'intent': 'fsa-practical', 'argument': 'transition', 'dialogue_act': 'Ta:request', 'frame': {'numberOfTransitions': '?'}}
Accuracy;To which state does the transition labeled 0 from q3 go?;The automaton has 5 states: q0, q1, q2, q3 and q4.;0.0;1;False;{'user_input': 'To which state does the transition labeled 0 from q3 go?', 'intent': 'fsa-practical', 'argument': 'state', 'dialogue_act': 'Ta:request', 'frame': {'transitions': [['q3', '?', '0']]}}
Accuracy;Which state in this automaton has no outgoing transitions, for example q3?;The automaton has 5 states: q0, q1, q2, q3 and q4.;0.0;2;False;{'user_input': 'Which state in this automaton has no outgoing transitions, for example q3?', 'intent': 'fsa-practical', 'argument': 'state', 'dialogue_act': 'Ta:request', 'frame': {'stateWithNoTransitions': 'q3'}}
Accuracy;The state without outgoing transitions is q3.;The automaton has 5 states: q0, q1, q2, q3 and q4.;0.1;3;False;{'user_input': 'The state without outgoing transitions is q3.', 'intent': 'fsa-practical', 'argument': 'state', 'dialogue_act': 'Ta:request', 'frame': {'state': 'q3'}}
Accuracy;How many final states does this automaton have?;The automaton has 5 states: q0, q1, q2, q3 and q4.;0.0;4;False;{'user_input': 'How many final states does this automaton have?', 'intent': 'fsa-practical', 'argument': 'state', 'dialogue_act': 'Ta:request', 'frame': {'numberOfFinalStates': '?'}}
Accuracy;What is the pattern type of this finite state automaton?;Could you be more specific?;0.0;5;False;{'user_input': 'What is the pattern type of this finite state automaton?', 'intent': 'fsa-practical', 'argument': 'pattern', 'dialogue_act': 'Ta:request', 'frame': {'patternType': '?'}}
Accuracy;Can you show me the pattern that ends in state q1?;Could you be more specific?;0.0;6;False;{'user_input': 'Can you show me the pattern that ends in state q1?', 'intent': 'fsa-practical', 'argument': 'pattern', 'dialogue_act': 'Ta:request', 'frame': {'patternType': '?'}}
Accuracy;The pattern type of this automaton is?;Could you be more specific?;0.0;7;False;{'user_input': 'The pattern type of this automaton is?', 'intent': 'fsa-practical', 'argument': 'pattern', 'dialogue_act': 'Ta:request', 'frame': {'patternType': '?'}}
Accuracy;What is the pattern type of the transitions in this automaton?;Could you be more specific?;0.0;8;False;{'user_input': 'What is the pattern type of the transitions in this automaton?', 'intent': 'fsa-practical', 'argument': 'pattern', 'dialogue_act': 'Ta:request', 'frame': {'patternType': '?'}}
Accuracy;What pattern type does this automaton’s states follow?;Could you be more specific?;0.0;9;False;{'user_input': 'What pattern type does this automaton’s states follow?', 'intent': 'fsa-practical', 'argument': 'pattern', 'dialogue_act': 'Ta:request', 'frame': {'patternType': '?'}}
Accuracy;What is the initial state of this pattern?;The initial state is q0.;1.0;9;False;{'user_input': 'What is the initial state of this pattern?', 'intent': 'fsa-practical', 'argument': 'state', 'dialogue_act': 'Ta:request', 'frame': {'initialState': '?'}}
Accuracy;What type of pattern does this automaton’s sequence of states follow?;Could you be more specific?;0.0;10;False;{'user_input': 'What type of pattern does this automaton’s sequence of states follow?', 'intent': 'fsa-practical', 'argument': 'pattern', 'dialogue_act': 'Ta:request', 'frame': {'patternType': '?'}}
Accuracy;What is the pattern type of this automaton?;Could you be more specific?;0.0;11;False;{'user_input': 'What is the pattern type of this automaton?', 'intent': 'fsa-practical', 'argument': 'pattern', 'dialogue_act': 'Ta:request', 'frame': {'patternType': '?'}}
Accuracy;What is the pattern type of the automaton shown in the image?;Could you be more specific?;0.0;12;False;{'user_input': 'What is the pattern type of the automaton shown in the image?', 'intent': 'fsa-practical', 'argument': 'pattern', 'dialogue_act': 'Ta:request', 'frame': {'patternType': '?'}}
METRIC;QUESTION;ANSWER;JUDGE_VALUE;FAILS;MUTED;NLU_OUTPUT
Relevancy;Is it possible to go from state q2 to state q4 in this automaton?;there is no transition between q2 and q4.;0.6;0;False;{'user_input': 'Is it possible to go from state q2 to state q4 in this automaton?', 'intent': 'fsa-practical', 'argument': 'transition', 'dialogue_act': 'Ta:propositionalQuestion', 'frame': {'transitions': [['q2', 'q4', '?']]}}
Relevancy;What is the value of the transition from state q2 to state q4 in this automaton?;The automaton accepts zero or more words formed by a sequence of the type 11000. In total there are 5 states: q0, q1, q2, q3 and q4. q0 is both the initial and the final state. The transitions are: q0 with value 1 goes to q1, q1 with value 1 goes to q2, q2 with value 0 goes to q3, q3 with value 0 goes to q4, q4 with value 0 goes to q0.;0.4;0;False;{'user_input': 'What is the value of the transition from state q2 to state q4 in this automaton?', 'intent': None, 'argument': None, 'dialogue_act': None, 'frame': {}}
Relevancy;Goodbye, I’m done studying this automaton for now.;The automaton accepts zero or more words formed by a sequence of the type 11000. In total there are 5 states: q0, q1, q2, q3 and q4. q0 is both the initial and the final state. The transitions are: q0 with value 1 goes to q1, q1 with value 1 goes to q2, q2 with value 0 goes to q3, q3 with value 0 goes to q4, q4 with value 0 goes to q0.;0.3;1;False;{'user_input': 'Goodbye, I’m done studying this automaton for now.', 'intent': 'fsa-practical', 'argument': None, 'dialogue_act': 'Ta:request', 'frame': {}}
Relevancy;Can you tell me what the transitions of this automaton are?;MUTATION The automaton has 5 transitions: q0 with value 1 goes to q1, q1 with value 1 goes to q2, q2 with value 0 goes to q3, q3 with value 0 goes to q4, q4 with value 0 goes to q0.;1.0;1;True;{'user_input': 'Can you tell me what the transitions of this automaton are?', 'intent': 'fsa-practical', 'argument': 'transition', 'dialogue_act': 'Ta:request', 'frame': {}}
Relevancy;Can you give me a practical exercise on this finite state automaton?;The automaton accepts zero or more words formed by a sequence of the type 11000. In total there are 5 states: q0, q1, q2, q3 and q4. q0 is both the initial and the final state. The transitions are: q0 with value 1 goes to q1, q1 with value 1 goes to q2, q2 with value 0 goes to q3, q3 with value 0 goes to q4, q4 with value 0 goes to q0.;0.5;1;False;{'user_input': 'Can you give me a practical exercise on this finite state automaton?', 'intent': 'fsa-practical', 'argument': 'automaton', 'dialogue_act': 'Ta:request', 'frame': {}}
Relevancy;What pattern does this finite state automaton recognize?;Could you be more specific?;0.2;2;False;{'user_input': 'What pattern does this finite state automaton recognize?', 'intent': 'fsa-practical', 'argument': 'pattern', 'dialogue_act': 'Ta:request', 'frame': {'patternType': '?'}}
Relevancy;In this automaton pattern, are there 5 states in total?;The automaton has 5 states: q0, q1, q2, q3 and q4.;1.0;2;False;{'user_input': 'In this automaton pattern, are there 5 states in total?', 'intent': 'fsa-practical', 'argument': 'state', 'dialogue_act': 'Ta:request', 'frame': {'totalStates': '5'}}
Relevancy;What type of pattern does this automaton recognize?;Could you be more specific?;0.2;3;False;{'user_input': 'What type of pattern does this automaton recognize?', 'intent': 'fsa-practical', 'argument': 'pattern', 'dialogue_act': 'Ta:request', 'frame': {'patternType': '?'}}
Relevancy;What is the pattern type of this automaton?;Could you be more specific?;0.2;4;False;{'user_input': 'What is the pattern type of this automaton?', 'intent': 'fsa-practical', 'argument': 'pattern', 'dialogue_act': 'Ta:request', 'frame': {'patternType': '?'}}
Relevancy;What is the pattern type of the language recognized by this automaton?;Could you be more specific?;0.1;5;False;{'user_input': 'What is the pattern type of the language recognized by this automaton?', 'intent': 'fsa-practical', 'argument': 'pattern', 'dialogue_act': 'Ta:request', 'frame': {}}
Relevancy;Can you help me with some practical exercises on this finite state automaton?;The automaton accepts zero or more words formed by a sequence of the type 11000. In total there are 5 states: q0, q1, q2, q3 and q4. q0 is both the initial and the final state. The transitions are: q0 with value 1 goes to q1, q1 with value 1 goes to q2, q2 with value 0 goes to q3, q3 with value 0 goes to q4, q4 with value 0 goes to q0.;0.3;6;False;{'user_input': 'Can you help me with some practical exercises on this finite state automaton?', 'intent': 'fsa-practical', 'argument': 'automaton', 'dialogue_act': 'Ta:request', 'frame': {}}
Relevancy;What is the initial state of this automaton?;The initial state is q0.;1.0;6;False;{'user_input': 'What is the initial state of this automaton?', 'intent': 'fsa-practical', 'argument': 'state', 'dialogue_act': 'Ta:request', 'frame': {'initialState': '?'}}
Relevancy;What pattern does this finite state automaton recognize?;Could you be more specific?;0.1;7;False;{'user_input': 'What pattern does this finite state automaton recognize?', 'intent': 'fsa-practical', 'argument': 'pattern', 'dialogue_act': 'Ta:request', 'frame': {'patternType': '?'}}
Relevancy;What type of pattern does this finite state automaton recognize?;Could you be more specific?;0.1;8;False;{'user_input': 'What type of pattern does this finite state automaton recognize?', 'intent': 'fsa-practical', 'argument': 'pattern', 'dialogue_act': 'Ta:request', 'frame': {'patternType': '?'}}
Relevancy;What type of pattern does this finite state automaton recognize?;Could you be more specific?;0.2;9;False;{'user_input': 'What type of pattern does this finite state automaton recognize?', 'intent': 'fsa-practical', 'argument': 'pattern', 'dialogue_act': 'Ta:request', 'frame': {'patternType': '?'}}
METRIC;QUESTION;ANSWER;JUDGE_VALUE;FAILS;MUTED;NLU_OUTPUT
Correctness;Is it possible to go from q2 directly to q4 in this automaton?;there is no transition between q2 and q4.;1.0;0;False;{'user_input': 'Is it possible to go from q2 directly to q4 in this automaton?', 'intent': 'fsa-practical', 'argument': 'transition', 'dialogue_act': 'Ta:propositionalQuestion', 'frame': {'transitions': [['q2', 'q4', '?']]}}
Correctness;What is the label of the transition that goes from state q2 to state q4?;there is no transition between q2 and q4.;1.0;0;False;{'user_input': 'What is the label of the transition that goes from state q2 to state q4?', 'intent': 'fsa-practical', 'argument': 'transition', 'dialogue_act': 'Ta:request', 'frame': {'transitions': [['q2', 'q4', '?']]}}
Correctness;Which transitions leave from state q1 in this automaton?;MUTATION The automaton has 5 transitions: q0 with value 1 goes to q1, q1 with value 1 goes to q2, q2 with value 0 goes to q3, q3 with value 0 goes to q4, q4 with value 0 goes to q0.;0.5;0;True;{'user_input': 'Which transitions leave from state q1 in this automaton?', 'intent': 'fsa-practical', 'argument': 'transition', 'dialogue_act': 'Ta:request', 'frame': {'transitions': []}}
Correctness;Can you list all the transitions of this automaton?;MUTATION The automaton has 5 transitions: q0 with value 1 goes to q1, q1 with value 1 goes to q2, q2 with value 0 goes to q3, q3 with value 0 goes to q4, q4 with value 0 goes to q0.;1.0;0;True;{'user_input': 'Can you list all the transitions of this automaton?', 'intent': 'fsa-practical', 'argument': 'transition', 'dialogue_act': 'Ta:request', 'frame': {'transitions': []}}
Correctness;Sorry, I made a mistake: the transition from q1 with input 1 should go to q2, not to q3.;The transition between q1 and q2 is with value 1.;0.9;0;False;{'user_input': 'Sorry, I made a mistake: the transition from q1 with input 1 should go to q2, not to q3.', 'intent': 'fsa-practical', 'argument': 'transition', 'dialogue_act': 'Ta:request', 'frame': {'transitions': [['q1', 'q2', '?'], ['q1', '1', '?']]}}
Correctness;Can you list all the transitions of this automaton for me?;MUTATION The automaton has 5 transitions: q0 with value 1 goes to q1, q1 with value 1 goes to q2, q2 with value 0 goes to q3, q3 with value 0 goes to q4, q4 with value 0 goes to q0.;1.0;0;True;{'user_input': 'Can you list all the transitions of this automaton for me?', 'intent': 'fsa-practical', 'argument': 'transition', 'dialogue_act': 'Ta:request', 'frame': {}}
Correctness;Can you explain the transitions of this automaton to me?;The automaton accepts zero or more words formed by a sequence of the type 11000. In total there are 5 states: q0, q1, q2, q3 and q4. q0 is both the initial and the final state. The transitions are: q0 with value 1 goes to q1, q1 with value 1 goes to q2, q2 with value 0 goes to q3, q3 with value 0 goes to q4, q4 with value 0 goes to q0.;0.9;0;False;{'user_input': 'Can you explain the transitions of this automaton to me?', 'intent': 'fsa-practical', 'argument': 'automaton', 'dialogue_act': 'Ta:request', 'frame': {}}
Correctness;Hello, could you show me the transitions of this finite state automaton?;MUTATION The automaton has 5 transitions: q0 with value 1 goes to q1, q1 with value 1 goes to q2, q2 with value 0 goes to q3, q3 with value 0 goes to q4, q4 with value 0 goes to q0.;1.0;0;True;{'user_input': 'Hello, could you show me the transitions of this finite state automaton?', 'intent': 'fsa-practical', 'argument': 'transition', 'dialogue_act': 'Ta:propositionalQuestion', 'frame': {}}
